Workbook
Name NOMBRE_ASIGNATURA: DATOS!$A$2
Name Unidad1: DATOS!$I$5
Name Unidad10: DATOS!$I$14
Name Unidad11: DATOS!$I$15
Name Unidad12: DATOS!$I$16
Name Unidad13: DATOS!$I$17
Name Unidad14: DATOS!$I$18
Name Unidad15: DATOS!$I$19
Name Unidad2: DATOS!$I$6
Name Unidad3: DATOS!$I$7
Name Unidad4: DATOS!$I$8
Name Unidad5: DATOS!$I$9
Name Unidad6: DATOS!$I$10
Name Unidad7: DATOS!$I$11
Name Unidad8: DATOS!$I$12
Name Unidad9: DATOS!$I$13

Sheet finalV1
A2: U1. El átomo y los enlaces | B2: CE1 | H2: CE2 | N2: CE3 | T2: CE4 | Z2: CE5 | AF2: CE6
A3: =DATOS!A2 -> CCGG 2º BTO | B3: CR1.1 | C3: CR1.2 | D3: CR1.3 | E3: CR1.4 | F3: CR1.5 | G3: CR1.6 | H3: CR2.1 | I3: CR2.2 | J3: CR2.3 | K3: CR2.4 | L3: CR2.5 | M3: CR2.6 | N3: CR3.1 | O3: CR3.2 | P3: CR3.3 | Q3: CR3.4 | R3: CR3.5 | S3: CR3.6 | T3: CR4.1 | U3: CR4.2 | V3: CR4.3 | W3: CR4.4 | X3: CR4.5 | Y3: CR4.6 | Z3: CR5.1 | AA3: CR5.2 | AB3: CR5.3 | AC3: CR5.4 | AD3: CR5.5 | AE3: CR5.6 | AF3: CR6.1 | AG3: CR6.2 | AH3: CR6.3 | AI3: CR6.4 | AJ3: CR6.5 | AK3: CR6.6
A4: =DATOS!B5 -> Garcia, Ana
A5: =DATOS!B6 -> Martinez carlos
A6: =DATOS!B7 -> Sanchez Laura
A7: =DATOS!B8 -> Lopez Diego
A8: =DATOS!B9 -> Gonzalez Torres, Mara�a
A9: =DATOS!B10 -> Rodra�guez Jimaanez, Pablo
A10: =DATOS!B11 -> Hernandez Moreno, Sofa�a
A11: =DATOS!B12 -> Da�az Castro, Alejandro
A12: =DATOS!B13 -> a�lvarez Romero, Elena
A13: =DATOS!B14 -> Mua�oz Navarro, Javier
A14: =DATOS!B15 -> Romero Gil, Claudia
A15: =DATOS!B16 -> Alonso Serrano, Marcos
... A40: =DATOS!B41 -> 0

Sheet notas
A3: notas
A4: actualizado el formato en la evaluacion2 que no modificaba el formato en la recuperacion
A5: modificado el resultado final en la evaluaciones.que no tenia en cuenta el maximo entre la nota y la recuperacon( si que la tenia en cuenta en el resultado de las competencias, pero no en la nota final)

Sheet 1ª EVA
A1: =NOMBRE_ASIGNATURA -> CCGG 2º BTO
A3: 1ª EVALUACIÓN | B3: CEspecíf.1 | O3: CEspecíf.2 | AB3: CEspecíf.3 | AO3: CEspecíf.4 | BB3: CEspecíf.5 | BO3: CEspecíf.6 | CB3: Resumen | CC3: SB | CD3: SUMA PESOS TOTALES
B4: =PESOS!B4 -> Inst ev. | C4: =PESOS!C4 -> CR1.1 | E4: =PESOS!D4 -> CR1.2 | G4: =PESOS!E4 -> CR1.3 | I4: =PESOS!F4 -> CR1.4 | K4: =PESOS!G4 -> CR1.5 | M4: =PESOS!H4 -> CR1.6 | O4: =PESOS!I4 -> Inst ev | P4: =PESOS!J4 -> CR2.1 | R4: =PESOS!K4 -> CR2.2 | T4: =PESOS!L4 -> CR2.3 | V4: =PESOS!M4 -> CR2.4 | X4: =PESOS!N4 -> CR2.5 | Z4: =PESOS!O4 -> CR2.6 | AB4: =PESOS!P4 -> Inst ev. | AC4: =PESOS!Q4 -> CR3.1 | AE4: =PESOS!R4 -> CR3.2 | AG4: =PESOS!S4 -> CR3.3 | AI4: =PESOS!T4 -> CR3.4 | AK4: =PESOS!U4 -> CR3.5 | AM4: =PESOS!V4 -> CR3.6 | AO4: =PESOS!W4 -> Inst ev. | AP4: =PESOS!X4 -> CR4.1 | AR4: =PESOS!Y4 -> CR4.2 | AT4: =PESOS!Z4 -> CR4.3 | AV4: =PESOS!AA4 -> CR4.4 | AX4: =PESOS!AB4 -> CR4.5 | AZ4: =PESOS!AC4 -> CR4.6 | BB4: =PESOS!AD4 -> Inst ev. | BC4: =PESOS!AE4 -> CR5.1 | BE4: =PESOS!AF4 -> CR5.2 | BG4: =PESOS!AG4 -> CR5.3 | BI4: =PESOS!AH4 -> CR5.4 | BK4: =PESOS!AI4 -> CR5.5 | BM4: =PESOS!AJ4 -> CR5.6 | BO4: =PESOS!AK4 -> Inst ev. | BP4: =PESOS!AL4 -> CR6.1 | BR4: =PESOS!AM4 -> CR6.2 | BT4: =PESOS!AN4 -> CR6.3 | BV4: =PESOS!AO4 -> CR6.4 | BX4: =PESOS!AP4 -> CR6.5 | BZ4: =PESOS!AQ4 -> CR6.6 | CB4: =PESOS!AR4
A5: {=IFERROR(INDEX(UNIDADES1EVA[UNIDADES 1ª], ROW(A1)), "")} -> U1. El átomo y los enlaces | B5: {=IFERROR(VLOOKUP($A5,PESOS!$A:$AZ,COLUMN(B:B),FALSE),"")} -> TD | C5: {=IFERROR(VLOOKUP($A5,PESOS!$A:$AZ,COLUMN(C:C),FALSE),"")} -> 5 | E5: {=IFERROR(VLOOKUP($A5,PESOS!$A:$AZ,COLUMN(D:D),FALSE),"")} -> 5 | G5: {=IFERROR(VLOOKUP($A5,PESOS!$A:$AZ,COLUMN(E:E),FALSE),"")} -> 5 | I5: {=IFERROR(VLOOKUP($A5,PESOS!$A:$AZ,COLUMN(F:F),FALSE),"")} -> 5 | K5: {=IFERROR(VLOOKUP($A5,PESOS!$A:$AZ,COLUMN(G:G),FALSE),"")} -> 5 | M5: {=IFERROR(VLOOKUP($A5,PESOS!$A:$AZ,COLUMN(H:H),FALSE),"")} -> 0 | O5: {=IFERROR(VLOOKUP($A5,PESOS!$A:$AZ,COLUMN(I:I),FALSE),"")} -> 0 | P5: {=IFERROR(VLOOKUP($A5,PESOS!$A:$AZ,COLUMN(J:J),FALSE),"")} -> 5 | R5: {=IFERROR(VLOOKUP($A5,PESOS!$A:$AZ,COLUMN(K:K),FALSE),"")} -> 10 | T5: {=IFERROR(VLOOKUP($A5,PESOS!$A:$AZ,COLUMN(L:L),FALSE),"")} -> 10 | V5: {=IFERROR(VLOOKUP($A5,PESOS!$A:$AZ,COLUMN(M:M),FALSE),"")} -> 10 | X5: {=IFERROR(VLOOKUP($A5,PESOS!$A:$AZ,COLUMN(N:N),FALSE),"")} -> 0 | Z5: {=IFERROR(VLOOKUP($A5,PESOS!$A:$AZ,COLUMN(O:O),FALSE),"")} -> 0 | AB5: {=IFERROR(VLOOKUP($A5,PESOS!$A:$AZ,COLUMN(P:P),FALSE),"")} -> 0 | AC5: {=IFERROR(VLOOKUP($A5,PESOS!$A:$AZ,COLUMN(Q:Q),FALSE),"")} -> 0 | AE5: {=IFERROR(VLOOKUP($A5,PESOS!$A:$AZ,COLUMN(R:R),FALSE),"")} -> 0 | AG5: {=IFERROR(VLOOKUP($A5,PESOS!$A:$AZ,COLUMN(S:S),FALSE),"")} -> 0 | AI5: {=IFERROR(VLOOKUP($A5,PESOS!$A:$AZ,COLUMN(T:T),FALSE),"")} -> 5 | AK5: {=IFERROR(VLOOKUP($A5,PESOS!$A:$AZ,COLUMN(U:U),FALSE),"")} -> 5 | AM5: {=IFERROR(VLOOKUP($A5,PESOS!$A:$AZ,COLUMN(V:V),FALSE),"")} -> 0 | AO5: {=IFERROR(VLOOKUP($A5,PESOS!$A:$AZ,COLUMN(W:W),FALSE),"")} -> 0 | AP5: {=IFERROR(VLOOKUP($A5,PESOS!$A:$AZ,COLUMN(X:X),FALSE),"")} -> 5 | AR5: {=IFERROR(VLOOKUP($A5,PESOS!$A:$AZ,COLUMN(Y:Y),FALSE),"")} -> 5 | AT5: {=IFERROR(VLOOKUP($A5,PESOS!$A:$AZ,COLUMN(Z:Z),FALSE),"")} -> 0 | AV5: {=IFERROR(VLOOKUP($A5,PESOS!$A:$AZ,COLUMN(AA:AA),FALSE),"")} -> 5 | AX5: {=IFERROR(VLOOKUP($A5,PESOS!$A:$AZ,COLUMN(AB:AB),FALSE),"")} -> 0 | AZ5: {=IFERROR(VLOOKUP($A5,PESOS!$A:$AZ,COLUMN(AC:AC),FALSE),"")} -> 0 | BB5: {=IFERROR(VLOOKUP($A5,PESOS!$A:$AZ,COLUMN(AD:AD),FALSE),"")} -> 0 | BC5: {=IFERROR(VLOOKUP($A5,PESOS!$A:$AZ,COLUMN(AE:AE),FALSE),"")} -> 0 | BE5: {=IFERROR(VLOOKUP($A5,PESOS!$A:$AZ,COLUMN(AF:AF),FALSE),"")} -> 0 | BG5: {=IFERROR(VLOOKUP($A5,PESOS!$A:$AZ,COLUMN(AG:AG),FALSE),"")} -> 0 | BI5: {=IFERROR(VLOOKUP($A5,PESOS!$A:$AZ,COLUMN(AH:AH),FALSE),"")} -> 15 | BK5: {=IFERROR(VLOOKUP($A5,PESOS!$A:$AZ,COLUMN(AI:AI),FALSE),"")} -> 0 | BM5: {=IFERROR(VLOOKUP($A5,PESOS!$A:$AZ,COLUMN(AJ:AJ),FALSE),"")} -> 0 | BO5: {=IFERROR(VLOOKUP($A5,PESOS!$A:$AZ,COLUMN(AK:AK),FALSE),"")} -> 0 | BP5: {=IFERROR(VLOOKUP($A5,PESOS!$A:$AZ,COLUMN(AL:AL),FALSE),"")} -> 0 | BR5: {=IFERROR(VLOOKUP($A5,PESOS!$A:$AZ,COLUMN(AM:AM),FALSE),"")} -> 0 | BT5: {=IFERROR(VLOOKUP($A5,PESOS!$A:$AZ,COLUMN(AN:AN),FALSE),"")} -> 0 | BV5: {=IFERROR(VLOOKUP($A5,PESOS!$A:$AZ,COLUMN(AO:AO),FALSE),"")} -> 0 | BX5: {=IFERROR(VLOOKUP($A5,PESOS!$A:$AZ,COLUMN(AP:AP),FALSE),"")} -> 0 | BZ5: {=IFERROR(VLOOKUP($A5,PESOS!$A:$AZ,COLUMN(AQ:AQ),FALSE),"")} -> 0 | CB5: =SUM(C5:CA5) -> 100 | CC5: B | CD5: =SUM(CB5:CB10) -> 100
A6: {=IFERROR(INDEX(UNIDADES1EVA[UNIDADES 1ª], ROW(A2)), "")} -> 0 | B6: {=IFERROR(VLOOKUP($A6,PESOS!$A:$AZ,COLUMN(B:B),FALSE),"")} -> 0 | C6: {=IFERROR(VLOOKUP($A6,PESOS!$A:$AZ,COLUMN(C:C),FALSE),"")} -> 0 | E6: {=IFERROR(VLOOKUP($A6,PESOS!$A:$AZ,COLUMN(D:D),FALSE),"")} -> 0 | G6: {=IFERROR(VLOOKUP($A6,PESOS!$A:$AZ,COLUMN(E:E),FALSE),"")} -> 0 | I6: {=IFERROR(VLOOKUP($A6,PESOS!$A:$AZ,COLUMN(F:F),FALSE),"")} -> 0 | K6: {=IFERROR(VLOOKUP($A6,PESOS!$A:$AZ,COLUMN(G:G),FALSE),"")} -> 0 | M6: {=IFERROR(VLOOKUP($A6,PESOS!$A:$AZ,COLUMN(H:H),FALSE),"")} -> 0 | O6: {=IFERROR(VLOOKUP($A6,PESOS!$A:$AZ,COLUMN(I:I),FALSE),"")} -> 0 | P6: {=IFERROR(VLOOKUP($A6,PESOS!$A:$AZ,COLUMN(J:J),FALSE),"")} -> 0 | R6: {=IFERROR(VLOOKUP($A6,PESOS!$A:$AZ,COLUMN(K:K),FALSE),"")} -> 0 | T6: {=IFERROR(VLOOKUP($A6,PESOS!$A:$AZ,COLUMN(L:L),FALSE),"")} -> 0 | V6: {=IFERROR(VLOOKUP($A6,PESOS!$A:$AZ,COLUMN(M:M),FALSE),"")} -> 0 | X6: {=IFERROR(VLOOKUP($A6,PESOS!$A:$AZ,COLUMN(N:N),FALSE),"")} -> 0 | Z6: {=IFERROR(VLOOKUP($A6,PESOS!$A:$AZ,COLUMN(O:O),FALSE),"")} -> 0 | AB6: {=IFERROR(VLOOKUP($A6,PESOS!$A:$AZ,COLUMN(P:P),FALSE),"")} -> 0 | AC6: {=IFERROR(VLOOKUP($A6,PESOS!$A:$AZ,COLUMN(Q:Q),FALSE),"")} -> 0 | AE6: {=IFERROR(VLOOKUP($A6,PESOS!$A:$AZ,COLUMN(R:R),FALSE),"")} -> 0 | AG6: {=IFERROR(VLOOKUP($A6,PESOS!$A:$AZ,COLUMN(S:S),FALSE),"")} -> 0 | AI6: {=IFERROR(VLOOKUP($A6,PESOS!$A:$AZ,COLUMN(T:T),FALSE),"")} -> 0 | AK6: {=IFERROR(VLOOKUP($A6,PESOS!$A:$AZ,COLUMN(U:U),FALSE),"")} -> 0 | AM6: {=IFERROR(VLOOKUP($A6,PESOS!$A:$AZ,COLUMN(V:V),FALSE),"")} -> 0 | AO6: {=IFERROR(VLOOKUP($A6,PESOS!$A:$AZ,COLUMN(W:W),FALSE),"")} -> 0 | AP6: {=IFERROR(VLOOKUP($A6,PESOS!$A:$AZ,COLUMN(X:X),FALSE),"")} -> 0 | AR6: {=IFERROR(VLOOKUP($A6,PESOS!$A:$AZ,COLUMN(Y:Y),FALSE),"")} -> 0 | AT6: {=IFERROR(VLOOKUP($A6,PESOS!$A:$AZ,COLUMN(Z:Z),FALSE),"")} -> 0 | AV6: {=IFERROR(VLOOKUP($A6,PESOS!$A:$AZ,COLUMN(AA:AA),FALSE),"")} -> 0 | AX6: {=IFERROR(VLOOKUP($A6,PESOS!$A:$AZ,COLUMN(AB:AB),FALSE),"")} -> 0 | AZ6: {=IFERROR(VLOOKUP($A6,PESOS!$A:$AZ,COLUMN(AC:AC),FALSE),"")} -> 0 | BB6: {=IFERROR(VLOOKUP($A6,PESOS!$A:$AZ,COLUMN(AD:AD),FALSE),"")} -> 0 | BC6: {=IFERROR(VLOOKUP($A6,PESOS!$A:$AZ,COLUMN(AE:AE),FALSE),"")} -> 0 | BE6: {=IFERROR(VLOOKUP($A6,PESOS!$A:$AZ,COLUMN(AF:AF),FALSE),"")} -> 0 | BG6: {=IFERROR(VLOOKUP($A6,PESOS!$A:$AZ,COLUMN(AG:AG),FALSE),"")} -> 0 | BI6: {=IFERROR(VLOOKUP($A6,PESOS!$A:$AZ,COLUMN(AH:AH),FALSE),"")} -> 0 | BK6: {=IFERROR(VLOOKUP($A6,PESOS!$A:$AZ,COLUMN(AI:AI),FALSE),"")} -> 0 | BM6: {=IFERROR(VLOOKUP($A6,PESOS!$A:$AZ,COLUMN(AJ:AJ),FALSE),"")} -> 0 | BO6: {=IFERROR(VLOOKUP($A6,PESOS!$A:$AZ,COLUMN(AK:AK),FALSE),"")} -> 0 | BP6: {=IFERROR(VLOOKUP($A6,PESOS!$A:$AZ,COLUMN(AL:AL),FALSE),"")} -> 0 | BR6: {=IFERROR(VLOOKUP($A6,PESOS!$A:$AZ,COLUMN(AM:AM),FALSE),"")} -> 0 | BT6: {=IFERROR(VLOOKUP($A6,PESOS!$A:$AZ,COLUMN(AN:AN),FALSE),"")} -> 0 | BV6: {=IFERROR(VLOOKUP($A6,PESOS!$A:$AZ,COLUMN(AO:AO),FALSE),"")} -> 0 | BX6: {=IFERROR(VLOOKUP($A6,PESOS!$A:$AZ,COLUMN(AP:AP),FALSE),"")} -> 0 | BZ6: {=IFERROR(VLOOKUP($A6,PESOS!$A:$AZ,COLUMN(AQ:AQ),FALSE),"")} -> 0 | CB6: =SUM(C6:CA6) -> 0 | CC6: B
A7: {=IFERROR(INDEX(UNIDADES1EVA[UNIDADES 1ª], ROW(A3)), "")} -> 0 | B7: {=IFERROR(VLOOKUP($A7,PESOS!$A:$AZ,COLUMN(B:B),FALSE),"")} -> 0 | C7: {=IFERROR(VLOOKUP($A7,PESOS!$A:$AZ,COLUMN(C:C),FALSE),"")} -> 0 | E7: {=IFERROR(VLOOKUP($A7,PESOS!$A:$AZ,COLUMN(D:D),FALSE),"")} -> 0 | G7: {=IFERROR(VLOOKUP($A7,PESOS!$A:$AZ,COLUMN(E:E),FALSE),"")} -> 0 | I7: {=IFERROR(VLOOKUP($A7,PESOS!$A:$AZ,COLUMN(F:F),FALSE),"")} -> 0 | K7: {=IFERROR(VLOOKUP($A7,PESOS!$A:$AZ,COLUMN(G:G),FALSE),"")} -> 0 | M7: {=IFERROR(VLOOKUP($A7,PESOS!$A:$AZ,COLUMN(H:H),FALSE),"")} -> 0 | O7: {=IFERROR(VLOOKUP($A7,PESOS!$A:$AZ,COLUMN(I:I),FALSE),"")} -> 0 | P7: {=IFERROR(VLOOKUP($A7,PESOS!$A:$AZ,COLUMN(J:J),FALSE),"")} -> 0 | R7: {=IFERROR(VLOOKUP($A7,PESOS!$A:$AZ,COLUMN(K:K),FALSE),"")} -> 0 | T7: {=IFERROR(VLOOKUP($A7,PESOS!$A:$AZ,COLUMN(L:L),FALSE),"")} -> 0 | V7: {=IFERROR(VLOOKUP($A7,PESOS!$A:$AZ,COLUMN(M:M),FALSE),"")} -> 0 | X7: {=IFERROR(VLOOKUP($A7,PESOS!$A:$AZ,COLUMN(N:N),FALSE),"")} -> 0 | Z7: {=IFERROR(VLOOKUP($A7,PESOS!$A:$AZ,COLUMN(O:O),FALSE),"")} -> 0 | AB7: {=IFERROR(VLOOKUP($A7,PESOS!$A:$AZ,COLUMN(P:P),FALSE),"")} -> 0 | AC7: {=IFERROR(VLOOKUP($A7,PESOS!$A:$AZ,COLUMN(Q:Q),FALSE),"")} -> 0 | AE7: {=IFERROR(VLOOKUP($A7,PESOS!$A:$AZ,COLUMN(R:R),FALSE),"")} -> 0 | AG7: {=IFERROR(VLOOKUP($A7,PESOS!$A:$AZ,COLUMN(S:S),FALSE),"")} -> 0 | AI7: {=IFERROR(VLOOKUP($A7,PESOS!$A:$AZ,COLUMN(T:T),FALSE),"")} -> 0 | AK7: {=IFERROR(VLOOKUP($A7,PESOS!$A:$AZ,COLUMN(U:U),FALSE),"")} -> 0 | AM7: {=IFERROR(VLOOKUP($A7,PESOS!$A:$AZ,COLUMN(V:V),FALSE),"")} -> 0 | AO7: {=IFERROR(VLOOKUP($A7,PESOS!$A:$AZ,COLUMN(W:W),FALSE),"")} -> 0 | AP7: {=IFERROR(VLOOKUP($A7,PESOS!$A:$AZ,COLUMN(X:X),FALSE),"")} -> 0 | AR7: {=IFERROR(VLOOKUP($A7,PESOS!$A:$AZ,COLUMN(Y:Y),FALSE),"")} -> 0 | AT7: {=IFERROR(VLOOKUP($A7,PESOS!$A:$AZ,COLUMN(Z:Z),FALSE),"")} -> 0 | AV7: {=IFERROR(VLOOKUP($A7,PESOS!$A:$AZ,COLUMN(AA:AA),FALSE),"")} -> 0 | AX7: {=IFERROR(VLOOKUP($A7,PESOS!$A:$AZ,COLUMN(AB:AB),FALSE),"")} -> 0 | AZ7: {=IFERROR(VLOOKUP($A7,PESOS!$A:$AZ,COLUMN(AC:AC),FALSE),"")} -> 0 | BB7: {=IFERROR(VLOOKUP($A7,PESOS!$A:$AZ,COLUMN(AD:AD),FALSE),"")} -> 0 | BC7: {=IFERROR(VLOOKUP($A7,PESOS!$A:$AZ,COLUMN(AE:AE),FALSE),"")} -> 0 | BE7: {=IFERROR(VLOOKUP($A7,PESOS!$A:$AZ,COLUMN(AF:AF),FALSE),"")} -> 0 | BG7: {=IFERROR(VLOOKUP($A7,PESOS!$A:$AZ,COLUMN(AG:AG),FALSE),"")} -> 0 | BI7: {=IFERROR(VLOOKUP($A7,PESOS!$A:$AZ,COLUMN(AH:AH),FALSE),"")} -> 0 | BK7: {=IFERROR(VLOOKUP($A7,PESOS!$A:$AZ,COLUMN(AI:AI),FALSE),"")} -> 0 | BM7: {=IFERROR(VLOOKUP($A7,PESOS!$A:$AZ,COLUMN(AJ:AJ),FALSE),"")} -> 0 | BO7: {=IFERROR(VLOOKUP($A7,PESOS!$A:$AZ,COLUMN(AK:AK),FALSE),"")} -> 0 | BP7: {=IFERROR(VLOOKUP($A7,PESOS!$A:$AZ,COLUMN(AL:AL),FALSE),"")} -> 0 | BR7: {=IFERROR(VLOOKUP($A7,PESOS!$A:$AZ,COLUMN(AM:AM),FALSE),"")} -> 0 | BT7: {=IFERROR(VLOOKUP($A7,PESOS!$A:$AZ,COLUMN(AN:AN),FALSE),"")} -> 0 | BV7: {=IFERROR(VLOOKUP($A7,PESOS!$A:$AZ,COLUMN(AO:AO),FALSE),"")} -> 0 | BX7: {=IFERROR(VLOOKUP($A7,PESOS!$A:$AZ,COLUMN(AP:AP),FALSE),"")} -> 0 | BZ7: {=IFERROR(VLOOKUP($A7,PESOS!$A:$AZ,COLUMN(AQ:AQ),FALSE),"")} -> 0 | CB7: =SUM(C7:CA7) -> 0 | CC7: B
A8: {=IFERROR(INDEX(UNIDADES1EVA[UNIDADES 1ª], ROW(A4)), "")} -> 0 | B8: {=IFERROR(VLOOKUP($A8,PESOS!$A:$AZ,COLUMN(B:B),FALSE),"")} -> 0 | C8: {=IFERROR(VLOOKUP($A8,PESOS!$A:$AZ,COLUMN(C:C),FALSE),"")} -> 0 | E8: {=IFERROR(VLOOKUP($A8,PESOS!$A:$AZ,COLUMN(D:D),FALSE),"")} -> 0 | G8: {=IFERROR(VLOOKUP($A8,PESOS!$A:$AZ,COLUMN(E:E),FALSE),"")} -> 0 | I8: {=IFERROR(VLOOKUP($A8,PESOS!$A:$AZ,COLUMN(F:F),FALSE),"")} -> 0 | K8: {=IFERROR(VLOOKUP($A8,PESOS!$A:$AZ,COLUMN(G:G),FALSE),"")} -> 0 | M8: {=IFERROR(VLOOKUP($A8,PESOS!$A:$AZ,COLUMN(H:H),FALSE),"")} -> 0 | O8: {=IFERROR(VLOOKUP($A8,PESOS!$A:$AZ,COLUMN(I:I),FALSE),"")} -> 0 | P8: {=IFERROR(VLOOKUP($A8,PESOS!$A:$AZ,COLUMN(J:J),FALSE),"")} -> 0 | R8: {=IFERROR(VLOOKUP($A8,PESOS!$A:$AZ,COLUMN(K:K),FALSE),"")} -> 0 | T8: {=IFERROR(VLOOKUP($A8,PESOS!$A:$AZ,COLUMN(L:L),FALSE),"")} -> 0 | V8: {=IFERROR(VLOOKUP($A8,PESOS!$A:$AZ,COLUMN(M:M),FALSE),"")} -> 0 | X8: {=IFERROR(VLOOKUP($A8,PESOS!$A:$AZ,COLUMN(N:N),FALSE),"")} -> 0 | Z8: {=IFERROR(VLOOKUP($A8,PESOS!$A:$AZ,COLUMN(O:O),FALSE),"")} -> 0 | AB8: {=IFERROR(VLOOKUP($A8,PESOS!$A:$AZ,COLUMN(P:P),FALSE),"")} -> 0 | AC8: {=IFERROR(VLOOKUP($A8,PESOS!$A:$AZ,COLUMN(Q:Q),FALSE),"")} -> 0 | AE8: {=IFERROR(VLOOKUP($A8,PESOS!$A:$AZ,COLUMN(R:R),FALSE),"")} -> 0 | AG8: {=IFERROR(VLOOKUP($A8,PESOS!$A:$AZ,COLUMN(S:S),FALSE),"")} -> 0 | AI8: {=IFERROR(VLOOKUP($A8,PESOS!$A:$AZ,COLUMN(T:T),FALSE),"")} -> 0 | AK8: {=IFERROR(VLOOKUP($A8,PESOS!$A:$AZ,COLUMN(U:U),FALSE),"")} -> 0 | AM8: {=IFERROR(VLOOKUP($A8,PESOS!$A:$AZ,COLUMN(V:V),FALSE),"")} -> 0 | AO8: {=IFERROR(VLOOKUP($A8,PESOS!$A:$AZ,COLUMN(W:W),FALSE),"")} -> 0 | AP8: {=IFERROR(VLOOKUP($A8,PESOS!$A:$AZ,COLUMN(X:X),FALSE),"")} -> 0 | AR8: {=IFERROR(VLOOKUP($A8,PESOS!$A:$AZ,COLUMN(Y:Y),FALSE),"")} -> 0 | AT8: {=IFERROR(VLOOKUP($A8,PESOS!$A:$AZ,COLUMN(Z:Z),FALSE),"")} -> 0 | AV8: {=IFERROR(VLOOKUP($A8,PESOS!$A:$AZ,COLUMN(AA:AA),FALSE),"")} -> 0 | AX8: {=IFERROR(VLOOKUP($A8,PESOS!$A:$AZ,COLUMN(AB:AB),FALSE),"")} -> 0 | AZ8: {=IFERROR(VLOOKUP($A8,PESOS!$A:$AZ,COLUMN(AC:AC),FALSE),"")} -> 0 | BB8: {=IFERROR(VLOOKUP($A8,PESOS!$A:$AZ,COLUMN(AD:AD),FALSE),"")} -> 0 | BC8: {=IFERROR(VLOOKUP($A8,PESOS!$A:$AZ,COLUMN(AE:AE),FALSE),"")} -> 0 | BE8: {=IFERROR(VLOOKUP($A8,PESOS!$A:$AZ,COLUMN(AF:AF),FALSE),"")} -> 0 | BG8: {=IFERROR(VLOOKUP($A8,PESOS!$A:$AZ,COLUMN(AG:AG),FALSE),"")} -> 0 | BI8: {=IFERROR(VLOOKUP($A8,PESOS!$A:$AZ,COLUMN(AH:AH),FALSE),"")} -> 0 | BK8: {=IFERROR(VLOOKUP($A8,PESOS!$A:$AZ,COLUMN(AI:AI),FALSE),"")} -> 0 | BM8: {=IFERROR(VLOOKUP($A8,PESOS!$A:$AZ,COLUMN(AJ:AJ),FALSE),"")} -> 0 | BO8: {=IFERROR(VLOOKUP($A8,PESOS!$A:$AZ,COLUMN(AK:AK),FALSE),"")} -> 0 | BP8: {=IFERROR(VLOOKUP($A8,PESOS!$A:$AZ,COLUMN(AL:AL),FALSE),"")} -> 0 | BR8: {=IFERROR(VLOOKUP($A8,PESOS!$A:$AZ,COLUMN(AM:AM),FALSE),"")} -> 0 | BT8: {=IFERROR(VLOOKUP($A8,PESOS!$A:$AZ,COLUMN(AN:AN),FALSE),"")} -> 0 | BV8: {=IFERROR(VLOOKUP($A8,PESOS!$A:$AZ,COLUMN(AO:AO),FALSE),"")} -> 0 | BX8: {=IFERROR(VLOOKUP($A8,PESOS!$A:$AZ,COLUMN(AP:AP),FALSE),"")} -> 0 | BZ8: {=IFERROR(VLOOKUP($A8,PESOS!$A:$AZ,COLUMN(AQ:AQ),FALSE),"")} -> 0 | CB8: =SUM(C8:CA8) -> 0 | CC8: C
A9: {=IFERROR(INDEX(UNIDADES1EVA[UNIDADES 1ª], ROW(A5)), "")} -> 0 | B9: {=IFERROR(VLOOKUP($A9,PESOS!$A:$AZ,COLUMN(B:B),FALSE),"")} -> 0 | C9: {=IFERROR(VLOOKUP($A9,PESOS!$A:$AZ,COLUMN(C:C),FALSE),"")} -> 0 | E9: {=IFERROR(VLOOKUP($A9,PESOS!$A:$AZ,COLUMN(D:D),FALSE),"")} -> 0 | G9: {=IFERROR(VLOOKUP($A9,PESOS!$A:$AZ,COLUMN(E:E),FALSE),"")} -> 0 | I9: {=IFERROR(VLOOKUP($A9,PESOS!$A:$AZ,COLUMN(F:F),FALSE),"")} -> 0 | K9: {=IFERROR(VLOOKUP($A9,PESOS!$A:$AZ,COLUMN(G:G),FALSE),"")} -> 0 | M9: {=IFERROR(VLOOKUP($A9,PESOS!$A:$AZ,COLUMN(H:H),FALSE),"")} -> 0 | O9: {=IFERROR(VLOOKUP($A9,PESOS!$A:$AZ,COLUMN(I:I),FALSE),"")} -> 0 | P9: {=IFERROR(VLOOKUP($A9,PESOS!$A:$AZ,COLUMN(J:J),FALSE),"")} -> 0 | R9: {=IFERROR(VLOOKUP($A9,PESOS!$A:$AZ,COLUMN(K:K),FALSE),"")} -> 0 | T9: {=IFERROR(VLOOKUP($A9,PESOS!$A:$AZ,COLUMN(L:L),FALSE),"")} -> 0 | V9: {=IFERROR(VLOOKUP($A9,PESOS!$A:$AZ,COLUMN(M:M),FALSE),"")} -> 0 | X9: {=IFERROR(VLOOKUP($A9,PESOS!$A:$AZ,COLUMN(N:N),FALSE),"")} -> 0 | Z9: {=IFERROR(VLOOKUP($A9,PESOS!$A:$AZ,COLUMN(O:O),FALSE),"")} -> 0 | AB9: {=IFERROR(VLOOKUP($A9,PESOS!$A:$AZ,COLUMN(P:P),FALSE),"")} -> 0 | AC9: {=IFERROR(VLOOKUP($A9,PESOS!$A:$AZ,COLUMN(Q:Q),FALSE),"")} -> 0 | AE9: {=IFERROR(VLOOKUP($A9,PESOS!$A:$AZ,COLUMN(R:R),FALSE),"")} -> 0 | AG9: {=IFERROR(VLOOKUP($A9,PESOS!$A:$AZ,COLUMN(S:S),FALSE),"")} -> 0 | AI9: {=IFERROR(VLOOKUP($A9,PESOS!$A:$AZ,COLUMN(T:T),FALSE),"")} -> 0 | AK9: {=IFERROR(VLOOKUP($A9,PESOS!$A:$AZ,COLUMN(U:U),FALSE),"")} -> 0 | AM9: {=IFERROR(VLOOKUP($A9,PESOS!$A:$AZ,COLUMN(V:V),FALSE),"")} -> 0 | AO9: {=IFERROR(VLOOKUP($A9,PESOS!$A:$AZ,COLUMN(W:W),FALSE),"")} -> 0 | AP9: {=IFERROR(VLOOKUP($A9,PESOS!$A:$AZ,COLUMN(X:X),FALSE),"")} -> 0 | AR9: {=IFERROR(VLOOKUP($A9,PESOS!$A:$AZ,COLUMN(Y:Y),FALSE),"")} -> 0 | AT9: {=IFERROR(VLOOKUP($A9,PESOS!$A:$AZ,COLUMN(Z:Z),FALSE),"")} -> 0 | AV9: {=IFERROR(VLOOKUP($A9,PESOS!$A:$AZ,COLUMN(AA:AA),FALSE),"")} -> 0 | AX9: {=IFERROR(VLOOKUP($A9,PESOS!$A:$AZ,COLUMN(AB:AB),FALSE),"")} -> 0 | AZ9: {=IFERROR(VLOOKUP($A9,PESOS!$A:$AZ,COLUMN(AC:AC),FALSE),"")} -> 0 | BB9: {=IFERROR(VLOOKUP($A9,PESOS!$A:$AZ,COLUMN(AD:AD),FALSE),"")} -> 0 | BC9: {=IFERROR(VLOOKUP($A9,PESOS!$A:$AZ,COLUMN(AE:AE),FALSE),"")} -> 0 | BE9: {=IFERROR(VLOOKUP($A9,PESOS!$A:$AZ,COLUMN(AF:AF),FALSE),"")} -> 0 | BG9: {=IFERROR(VLOOKUP($A9,PESOS!$A:$AZ,COLUMN(AG:AG),FALSE),"")} -> 0 | BI9: {=IFERROR(VLOOKUP($A9,PESOS!$A:$AZ,COLUMN(AH:AH),FALSE),"")} -> 0 | BK9: {=IFERROR(VLOOKUP($A9,PESOS!$A:$AZ,COLUMN(AI:AI),FALSE),"")} -> 0 | BM9: {=IFERROR(VLOOKUP($A9,PESOS!$A:$AZ,COLUMN(AJ:AJ),FALSE),"")} -> 0 | BO9: {=IFERROR(VLOOKUP($A9,PESOS!$A:$AZ,COLUMN(AK:AK),FALSE),"")} -> 0 | BP9: {=IFERROR(VLOOKUP($A9,PESOS!$A:$AZ,COLUMN(AL:AL),FALSE),"")} -> 0 | BR9: {=IFERROR(VLOOKUP($A9,PESOS!$A:$AZ,COLUMN(AM:AM),FALSE),"")} -> 0 | BT9: {=IFERROR(VLOOKUP($A9,PESOS!$A:$AZ,COLUMN(AN:AN),FALSE),"")} -> 0 | BV9: {=IFERROR(VLOOKUP($A9,PESOS!$A:$AZ,COLUMN(AO:AO),FALSE),"")} -> 0 | BX9: {=IFERROR(VLOOKUP($A9,PESOS!$A:$AZ,COLUMN(AP:AP),FALSE),"")} -> 0 | BZ9: {=IFERROR(VLOOKUP($A9,PESOS!$A:$AZ,COLUMN(AQ:AQ),FALSE),"")} -> 0 | CB9: =SUM(C9:CA9) -> 0
A10: {=IFERROR(INDEX(UNIDADES1EVA[UNIDADES 1ª], ROW(A6)), "")} -> 0 | B10: {=IFERROR(VLOOKUP($A10,PESOS!$A:$AZ,COLUMN(B:B),FALSE),"")} -> 0 | C10: {=IFERROR(VLOOKUP($A10,PESOS!$A:$AZ,COLUMN(C:C),FALSE),"")} -> 0 | E10: {=IFERROR(VLOOKUP($A10,PESOS!$A:$AZ,COLUMN(D:D),FALSE),"")} -> 0 | G10: {=IFERROR(VLOOKUP($A10,PESOS!$A:$AZ,COLUMN(E:E),FALSE),"")} -> 0 | I10: {=IFERROR(VLOOKUP($A10,PESOS!$A:$AZ,COLUMN(F:F),FALSE),"")} -> 0 | K10: {=IFERROR(VLOOKUP($A10,PESOS!$A:$AZ,COLUMN(G:G),FALSE),"")} -> 0 | M10: {=IFERROR(VLOOKUP($A10,PESOS!$A:$AZ,COLUMN(H:H),FALSE),"")} -> 0 | O10: {=IFERROR(VLOOKUP($A10,PESOS!$A:$AZ,COLUMN(I:I),FALSE),"")} -> 0 | P10: {=IFERROR(VLOOKUP($A10,PESOS!$A:$AZ,COLUMN(J:J),FALSE),"")} -> 0 | R10: {=IFERROR(VLOOKUP($A10,PESOS!$A:$AZ,COLUMN(K:K),FALSE),"")} -> 0 | T10: {=IFERROR(VLOOKUP($A10,PESOS!$A:$AZ,COLUMN(L:L),FALSE),"")} -> 0 | V10: {=IFERROR(VLOOKUP($A10,PESOS!$A:$AZ,COLUMN(M:M),FALSE),"")} -> 0 | X10: {=IFERROR(VLOOKUP($A10,PESOS!$A:$AZ,COLUMN(N:N),FALSE),"")} -> 0 | Z10: {=IFERROR(VLOOKUP($A10,PESOS!$A:$AZ,COLUMN(O:O),FALSE),"")} -> 0 | AB10: {=IFERROR(VLOOKUP($A10,PESOS!$A:$AZ,COLUMN(P:P),FALSE),"")} -> 0 | AC10: {=IFERROR(VLOOKUP($A10,PESOS!$A:$AZ,COLUMN(Q:Q),FALSE),"")} -> 0 | AE10: {=IFERROR(VLOOKUP($A10,PESOS!$A:$AZ,COLUMN(R:R),FALSE),"")} -> 0 | AG10: {=IFERROR(VLOOKUP($A10,PESOS!$A:$AZ,COLUMN(S:S),FALSE),"")} -> 0 | AI10: {=IFERROR(VLOOKUP($A10,PESOS!$A:$AZ,COLUMN(T:T),FALSE),"")} -> 0 | AK10: {=IFERROR(VLOOKUP($A10,PESOS!$A:$AZ,COLUMN(U:U),FALSE),"")} -> 0 | AM10: {=IFERROR(VLOOKUP($A10,PESOS!$A:$AZ,COLUMN(V:V),FALSE),"")} -> 0 | AO10: {=IFERROR(VLOOKUP($A10,PESOS!$A:$AZ,COLUMN(W:W),FALSE),"")} -> 0 | AP10: {=IFERROR(VLOOKUP($A10,PESOS!$A:$AZ,COLUMN(X:X),FALSE),"")} -> 0 | AR10: {=IFERROR(VLOOKUP($A10,PESOS!$A:$AZ,COLUMN(Y:Y),FALSE),"")} -> 0 | AT10: {=IFERROR(VLOOKUP($A10,PESOS!$A:$AZ,COLUMN(Z:Z),FALSE),"")} -> 0 | AV10: {=IFERROR(VLOOKUP($A10,PESOS!$A:$AZ,COLUMN(AA:AA),FALSE),"")} -> 0 | AX10: {=IFERROR(VLOOKUP($A10,PESOS!$A:$AZ,COLUMN(AB:AB),FALSE),"")} -> 0 | AZ10: {=IFERROR(VLOOKUP($A10,PESOS!$A:$AZ,COLUMN(AC:AC),FALSE),"")} -> 0 | BB10: {=IFERROR(VLOOKUP($A10,PESOS!$A:$AZ,COLUMN(AD:AD),FALSE),"")} -> 0 | BC10: {=IFERROR(VLOOKUP($A10,PESOS!$A:$AZ,COLUMN(AE:AE),FALSE),"")} -> 0 | BE10: {=IFERROR(VLOOKUP($A10,PESOS!$A:$AZ,COLUMN(AF:AF),FALSE),"")} -> 0 | BG10: {=IFERROR(VLOOKUP($A10,PESOS!$A:$AZ,COLUMN(AG:AG),FALSE),"")} -> 0 | BI10: {=IFERROR(VLOOKUP($A10,PESOS!$A:$AZ,COLUMN(AH:AH),FALSE),"")} -> 0 | BK10: {=IFERROR(VLOOKUP($A10,PESOS!$A:$AZ,COLUMN(AI:AI),FALSE),"")} -> 0 | BM10: {=IFERROR(VLOOKUP($A10,PESOS!$A:$AZ,COLUMN(AJ:AJ),FALSE),"")} -> 0 | BO10: {=IFERROR(VLOOKUP($A10,PESOS!$A:$AZ,COLUMN(AK:AK),FALSE),"")} -> 0 | BP10: {=IFERROR(VLOOKUP($A10,PESOS!$A:$AZ,COLUMN(AL:AL),FALSE),"")} -> 0 | BR10: {=IFERROR(VLOOKUP($A10,PESOS!$A:$AZ,COLUMN(AM:AM),FALSE),"")} -> 0 | BT10: {=IFERROR(VLOOKUP($A10,PESOS!$A:$AZ,COLUMN(AN:AN),FALSE),"")} -> 0 | BV10: {=IFERROR(VLOOKUP($A10,PESOS!$A:$AZ,COLUMN(AO:AO),FALSE),"")} -> 0 | BX10: {=IFERROR(VLOOKUP($A10,PESOS!$A:$AZ,COLUMN(AP:AP),FALSE),"")} -> 0 | BZ10: {=IFERROR(VLOOKUP($A10,PESOS!$A:$AZ,COLUMN(AQ:AQ),FALSE),"")} -> 0 | CB10: =SUM(C10:CA10) -> 0
A12: Suma Ponderacion por unidades del criterio | B12: X | C12: =SUM(C5:C10) -> 5 | E12: =SUM(E5:E10) -> 5 | G12: =SUM(G5:G10) -> 5 | I12: =SUM(I5:I10) -> 5 | K12: =SUM(K5:K10) -> 5 | M12: =SUM(M5:M10) -> 0 | O12: X | P12: =SUM(P5:P10) -> 5 | R12: =SUM(R5:R10) -> 10 | T12: =SUM(T5:T10) -> 10 | V12: =SUM(V5:V10) -> 10 | X12: =SUM(X5:X10) -> 0 | Z12: =SUM(Z5:Z10) -> 0 | AB12: X | AC12: =SUM(AC5:AC10) -> 0 | AE12: =SUM(AE5:AE10) -> 0 | AG12: =SUM(AG5:AG10) -> 0 | AI12: =SUM(AI5:AI10) -> 5 | AK12: =SUM(AK5:AK10) -> 5 | AM12: =SUM(AM5:AM10) -> 0 | AO12: X | AP12: =SUM(AP5:AP10) -> 5 | AR12: =SUM(AR5:AR10) -> 5 | AT12: =SUM(AT5:AT10) -> 0 | AV12: =SUM(AV5:AV10) -> 5 | AX12: =SUM(AX5:AX10) -> 0 | AZ12: =SUM(AZ5:AZ10) -> 0 | BB12: X | BC12: =SUM(BC5:BC10) -> 0 | BE12: =SUM(BE5:BE10) -> 0 | BG12: =SUM(BG5:BG10) -> 0 | BI12: =SUM(BI5:BI10) -> 15 | BK12: =SUM(BK5:BK10) -> 0 | BM12: =SUM(BM5:BM10) -> 0 | BO12: X | BP12: =SUM(BP5:BP10) -> 0 | BR12: =SUM(BR5:BR10) -> 0 | BT12: =SUM(BT5:BT10) -> 0 | BV12: =SUM(BV5:BV10) -> 0 | BX12: =SUM(BX5:BX10) -> 0 | BZ12: =SUM(BZ5:BZ10) -> 0 | CB12: =SUM(B12:BZ12) -> 100
A13: % MEDIA PONDERADA CRITERIO | C13: =IFERROR(C12/$CD$5,) -> 0.05 | E13: =IFERROR(E12/$CD$5,) -> 0.05 | G13: =IFERROR(G12/$CD$5,) -> 0.05 | I13: =IFERROR(I12/$CD$5,) -> 0.05 | K13: =IFERROR(K12/$CD$5,) -> 0.05 | M13: =IFERROR(M12/$CD$5,) -> 0 | P13: =IFERROR(P12/$CD$5,) -> 0.05 | R13: =IFERROR(R12/$CD$5,) -> 0.1 | T13: =IFERROR(T12/$CD$5,) -> 0.1 | V13: =IFERROR(V12/$CD$5,) -> 0.1 | X13: =IFERROR(X12/$CD$5,) -> 0 | Z13: =IFERROR(Z12/$CD$5,) -> 0 | AC13: =IFERROR(AC12/$CD$5,) -> 0 | AE13: =IFERROR(AE12/$CD$5,) -> 0 | AG13: =IFERROR(AG12/$CD$5,) -> 0 | AI13: =IFERROR(AI12/$CD$5,) -> 0.05 | AK13: =IFERROR(AK12/$CD$5,) -> 0.05 | AM13: =IFERROR(AM12/$CD$5,) -> 0 | AP13: =IFERROR(AP12/$CD$5,) -> 0.05 | AR13: =IFERROR(AR12/$CD$5,) -> 0.05 | AT13: =IFERROR(AT12/$CD$5,) -> 0 | AV13: =IFERROR(AV12/$CD$5,) -> 0.05 | AX13: =IFERROR(AX12/$CD$5,) -> 0 | AZ13: =IFERROR(AZ12/$CD$5,) -> 0 | BC13: =IFERROR(BC12/$CD$5,) -> 0 | BE13: =IFERROR(BE12/$CD$5,) -> 0 | BG13: =IFERROR(BG12/$CD$5,) -> 0 | BI13: =IFERROR(BI12/$CD$5,) -> 0.15 | BK13: =IFERROR(BK12/$CD$5,) -> 0 | BM13: =IFERROR(BM12/$CD$5,) -> 0 | BP13: =IFERROR(BP12/$CD$5,) -> 0 | BR13: =IFERROR(BR12/$CD$5,) -> 0 | BT13: =IFERROR(BT12/$CD$5,) -> 0 | BV13: =IFERROR(BV12/$CD$5,) -> 0 | BX13: =IFERROR(BX12/$CD$5,) -> 0 | BZ13: =IFERROR(BZ12/$CD$5,) -> 0 | CB13: =SUM(B13:BZ13) -> 1
A14: PESO DEL CRITERIO EN LA EVALUACIÓN | B14: =SUM(C13:M13) -> 0.25 | O14: =SUM(P13:Z13) -> 0.35 | AB14: =SUM(AC13:AM13) -> 0.1 | AO14: =SUM(AP13:AZ13) -> 0.15 | BB14: =SUM(BC13:BM13) -> 0.15 | BO14: =SUM(BP13:BZ13) -> 0 | CB14: =SUM(B14:BZ14) -> 1
B16: CEspecíf.1 | O16: CEspecíf.2 | AB16: CEspecíf.3 | AO16: CEspecíf.4 | BB16: CEspecíf.5 | BO16: CEspecíf.6 | CB16: NOTA FINAL
B17: NOTA CE | C17: CR1.1 | E17: CR1.2 | G17: CR1.3 | I17: CR1.4 | K17: CR1.5 | M17: CR1.6 | O17: NOTA CE | P17: CR2.1 | R17: CR2.2 | T17: CR2.3 | V17: CR2.4 | X17: CR2.5 | Z17: CR2.6 | AB17: NOTA CE | AC17: CR3.1 | AE17: CR3.2 | AG17: CR3.3 | AI17: CR3.4 | AK17: CR3.5 | AM17: CR3.6 | AO17: NOTA CE | AP17: CR4.1 | AR17: CR4.2 | AT17: CR4.3 | AV17: CR4.4 | AX17: CR4.5 | AZ17: CR4.6 | BB17: NOTA CE | BC17: CR5.1 | BE17: CR5.2 | BG17: CR5.3 | BI17: CR5.4 | BK17: CR5.5 | BM17: CR5.6 | BO17: NOTA CE | BP17: CR6.1 | BR17: CR6.2 | BT17: CR6.3 | BV17: CR6.4 | BX17: CR6.5 | BZ17: CR6.6
D18: Rec | F18: Rec | H18: Rec | J18: Rec | L18: Rec | N18: Rec | Q18: Rec | S18: Rec | U18: Rec | W18: Rec | Y18: Rec | AA18: Rec | AD18: Rec | AF18: Rec | AH18: Rec | AJ18: Rec | AL18: Rec | AN18: Rec | AQ18: Rec | AS18: Rec | AU18: Rec | AW18: Rec | AY18: Rec | BA18: Rec | BD18: Rec | BF18: Rec | BH18: Rec | BJ18: Rec | BL18: Rec | BN18: Rec | BQ18: Rec | BS18: Rec | BU18: Rec | BW18: Rec | BY18: Rec | CA18: Rec
A19: {=Alumnado[Alumnado]} -> Garcia, Ana | B19: =IFERROR(SUM( MAX(C19,D19)*C$13, MAX(E19,F19)*E$13, MAX(G19,H19)*G$13, MAX(I19,J19)*I$13, MAX(K19,L19)*K$13, MAX(M19,N19)*M$13 )/B$14,"") -> 0 | C19: =IF(C$13>0, ( ( IF('U1'!$A$4="1ª", 'U1'!B5*'U1'!B$4, 0) + IF('U2'!$A$4="1ª", 'U2'!B5*'U2'!B$4, 0) + IF('U3'!$A$4="1ª", 'U3'!B5*'U3'!B$4, 0) + IF('U4'!$A$4="1ª", 'U4'!B5*'U4'!B$4, 0) + IF('U5'!$A$4="1ª", 'U5'!B5*'U5'!B$4, 0) + IF('U6'!$A$4="1ª", 'U6'!B5*'U6'!B$4, 0) + IF('U7'!$A$4="1ª", 'U7'!B5*'U7'!B$4, 0) + IF('U8'!$A$4="1ª", 'U8'!B5*'U8'!B$4, 0) + IF('U9'!$A$4="1ª", 'U9'!B5*'U9'!B$4, 0) + IF('U10'!$A$4="1ª", 'U10'!B5*'U10'!B$4, 0) + IF('U11'!$A$4="1ª", 'U11'!B5*'U11'!B$4, 0) + IF('U12'!$A$4="1ª", 'U12'!B5*'U12'!B$4, 0) + IF('U13'!$A$4="1ª", 'U13'!B5*'U13'!B$4, 0) + IF('U14'!$A$4="1ª", 'U14'!B5*'U14'!B$4, 0) + IF('U15'!$A$4="1ª", 'U15'!B5*'U15'!B$4, 0) ) /$CB$12 ) /C$13, "") -> 0 | E19: =IF(E$13>0, ( ( IF('U1'!$A$4="1ª", 'U1'!C5*'U1'!C$4, 0) + IF('U2'!$A$4="1ª", 'U2'!C5*'U2'!C$4, 0) + IF('U3'!$A$4="1ª", 'U3'!C5*'U3'!C$4, 0) + IF('U4'!$A$4="1ª", 'U4'!C5*'U4'!C$4, 0) + IF('U5'!$A$4="1ª", 'U5'!C5*'U5'!C$4, 0) + IF('U6'!$A$4="1ª", 'U6'!C5*'U6'!C$4, 0) + IF('U7'!$A$4="1ª", 'U7'!C5*'U7'!C$4, 0) + IF('U8'!$A$4="1ª", 'U8'!C5*'U8'!C$4, 0) + IF('U9'!$A$4="1ª", 'U9'!C5*'U9'!C$4, 0) + IF('U10'!$A$4="1ª", 'U10'!C5*'U10'!C$4, 0) + IF('U11'!$A$4="1ª", 'U11'!C5*'U11'!C$4, 0) + IF('U12'!$A$4="1ª", 'U12'!C5*'U12'!C$4, 0) + IF('U13'!$A$4="1ª", 'U13'!C5*'U13'!C$4, 0) + IF('U14'!$A$4="1ª", 'U14'!C5*'U14'!C$4, 0) + IF('U15'!$A$4="1ª", 'U15'!C5*'U15'!C$4, 0) ) /$CB$12 ) /E$13, "") -> 0 | G19: =IF(G$13>0, ( ( IF('U1'!$A$4="1ª", 'U1'!D5*'U1'!D$4, 0) + IF('U2'!$A$4="1ª", 'U2'!D5*'U2'!D$4, 0) + IF('U3'!$A$4="1ª", 'U3'!D5*'U3'!D$4, 0) + IF('U4'!$A$4="1ª", 'U4'!D5*'U4'!D$4, 0) + IF('U5'!$A$4="1ª", 'U5'!D5*'U5'!D$4, 0) + IF('U6'!$A$4="1ª", 'U6'!D5*'U6'!D$4, 0) + IF('U7'!$A$4="1ª", 'U7'!D5*'U7'!D$4, 0) + IF('U8'!$A$4="1ª", 'U8'!D5*'U8'!D$4, 0) + IF('U9'!$A$4="1ª", 'U9'!D5*'U9'!D$4, 0) + IF('U10'!$A$4="1ª", 'U10'!D5*'U10'!D$4, 0) + IF('U11'!$A$4="1ª", 'U11'!D5*'U11'!D$4, 0) + IF('U12'!$A$4="1ª", 'U12'!D5*'U12'!D$4, 0) + IF('U13'!$A$4="1ª", 'U13'!D5*'U13'!D$4, 0) + IF('U14'!$A$4="1ª", 'U14'!D5*'U14'!D$4, 0) + IF('U15'!$A$4="1ª", 'U15'!D5*'U15'!D$4, 0) ) /$CB$12 ) /G$13, "") -> 0 | I19: =IF(I$13>0, ( ( IF('U1'!$A$4="1ª", 'U1'!E5*'U1'!E$4, 0) + IF('U2'!$A$4="1ª", 'U2'!E5*'U2'!E$4, 0) + IF('U3'!$A$4="1ª", 'U3'!E5*'U3'!E$4, 0) + IF('U4'!$A$4="1ª", 'U4'!E5*'U4'!E$4, 0) + IF('U5'!$A$4="1ª", 'U5'!E5*'U5'!E$4, 0) + IF('U6'!$A$4="1ª", 'U6'!E5*'U6'!E$4, 0) + IF('U7'!$A$4="1ª", 'U7'!E5*'U7'!E$4, 0) + IF('U8'!$A$4="1ª", 'U8'!E5*'U8'!E$4, 0) + IF('U9'!$A$4="1ª", 'U9'!E5*'U9'!E$4, 0) + IF('U10'!$A$4="1ª", 'U10'!E5*'U10'!E$4, 0) + IF('U11'!$A$4="1ª", 'U11'!E5*'U11'!E$4, 0) + IF('U12'!$A$4="1ª", 'U12'!E5*'U12'!E$4, 0) + IF('U13'!$A$4="1ª", 'U13'!E5*'U13'!E$4, 0) + IF('U14'!$A$4="1ª", 'U14'!E5*'U14'!E$4, 0) + IF('U15'!$A$4="1ª", 'U15'!E5*'U15'!E$4, 0) ) /$CB$12 ) /I$13, "") -> 0 | K19: =IF(K$13>0, ( ( IF('U1'!$A$4="1ª", 'U1'!F5*'U1'!F$4, 0) + IF('U2'!$A$4="1ª", 'U2'!F5*'U2'!F$4, 0) + IF('U3'!$A$4="1ª", 'U3'!F5*'U3'!F$4, 0) + IF('U4'!$A$4="1ª", 'U4'!F5*'U4'!F$4, 0) + IF('U5'!$A$4="1ª", 'U5'!F5*'U5'!F$4, 0) + IF('U6'!$A$4="1ª", 'U6'!F5*'U6'!F$4, 0) + IF('U7'!$A$4="1ª", 'U7'!F5*'U7'!F$4, 0) + IF('U8'!$A$4="1ª", 'U8'!F5*'U8'!F$4, 0) + IF('U9'!$A$4="1ª", 'U9'!F5*'U9'!F$4, 0) + IF('U10'!$A$4="1ª", 'U10'!F5*'U10'!F$4, 0) + IF('U11'!$A$4="1ª", 'U11'!F5*'U11'!F$4, 0) + IF('U12'!$A$4="1ª", 'U12'!F5*'U12'!F$4, 0) + IF('U13'!$A$4="1ª", 'U13'!F5*'U13'!F$4, 0) + IF('U14'!$A$4="1ª", 'U14'!F5*'U14'!F$4, 0) + IF('U15'!$A$4="1ª", 'U15'!F5*'U15'!F$4, 0) ) /$CB$12 ) /K$13, "") -> 0 | M19: =IF(M$13>0, ( ( IF('U1'!$A$4="1ª", 'U1'!G5*'U1'!G$4, 0) + IF('U2'!$A$4="1ª", 'U2'!G5*'U2'!G$4, 0) + IF('U3'!$A$4="1ª", 'U3'!G5*'U3'!G$4, 0) + IF('U4'!$A$4="1ª", 'U4'!G5*'U4'!G$4, 0) + IF('U5'!$A$4="1ª", 'U5'!G5*'U5'!G$4, 0) + IF('U6'!$A$4="1ª", 'U6'!G5*'U6'!G$4, 0) + IF('U7'!$A$4="1ª", 'U7'!G5*'U7'!G$4, 0) + IF('U8'!$A$4="1ª", 'U8'!G5*'U8'!G$4, 0) + IF('U9'!$A$4="1ª", 'U9'!G5*'U9'!G$4, 0) + IF('U10'!$A$4="1ª", 'U10'!G5*'U10'!G$4, 0) + IF('U11'!$A$4="1ª", 'U11'!G5*'U11'!G$4, 0) + IF('U12'!$A$4="1ª", 'U12'!G5*'U12'!G$4, 0) + IF('U13'!$A$4="1ª", 'U13'!G5*'U13'!G$4, 0) + IF('U14'!$A$4="1ª", 'U14'!G5*'U14'!G$4, 0) + IF('U15'!$A$4="1ª", 'U15'!G5*'U15'!G$4, 0) ) /$CB$12 ) /M$13, "0") -> 0 | O19: =IFERROR(SUM( MAX(P19,Q19)*P$13, MAX(R19,S19)*R$13, MAX(T19,U19)*T$13, MAX(V19,W19)*V$13, MAX(X19,Y19)*X$13, MAX(Z19,AA19)*Z$13 )/O$14,"") -> 0 | P19: =IF(P$13>0, ( ( IF('U1'!$A$4="1ª", 'U1'!H5*'U1'!H$4, 0) + IF('U2'!$A$4="1ª", 'U2'!H5*'U2'!H$4, 0) + IF('U3'!$A$4="1ª", 'U3'!H5*'U3'!H$4, 0) + IF('U4'!$A$4="1ª", 'U4'!H5*'U4'!H$4, 0) + IF('U5'!$A$4="1ª", 'U5'!H5*'U5'!H$4, 0) + IF('U6'!$A$4="1ª", 'U6'!H5*'U6'!H$4, 0) + IF('U7'!$A$4="1ª", 'U7'!H5*'U7'!H$4, 0) + IF('U8'!$A$4="1ª", 'U8'!H5*'U8'!H$4, 0) + IF('U9'!$A$4="1ª", 'U9'!H5*'U9'!H$4, 0) + IF('U10'!$A$4="1ª", 'U10'!H5*'U10'!H$4, 0) + IF('U11'!$A$4="1ª", 'U11'!H5*'U11'!H$4, 0) + IF('U12'!$A$4="1ª", 'U12'!H5*'U12'!H$4, 0) + IF('U13'!$A$4="1ª", 'U13'!H5*'U13'!H$4, 0) + IF('U14'!$A$4="1ª", 'U14'!H5*'U14'!H$4, 0) + IF('U15'!$A$4="1ª", 'U15'!H5*'U15'!H$4, 0) ) /$CB$12 ) /P$13, "") -> 0 | R19: =IF(R$13>0, ( ( IF('U1'!$A$4="1ª", 'U1'!I5*'U1'!I$4, 0) + IF('U2'!$A$4="1ª", 'U2'!I5*'U2'!I$4, 0) + IF('U3'!$A$4="1ª", 'U3'!I5*'U3'!I$4, 0) + IF('U4'!$A$4="1ª", 'U4'!I5*'U4'!I$4, 0) + IF('U5'!$A$4="1ª", 'U5'!I5*'U5'!I$4, 0) + IF('U6'!$A$4="1ª", 'U6'!I5*'U6'!I$4, 0) + IF('U7'!$A$4="1ª", 'U7'!I5*'U7'!I$4, 0) + IF('U8'!$A$4="1ª", 'U8'!I5*'U8'!I$4, 0) + IF('U9'!$A$4="1ª", 'U9'!I5*'U9'!I$4, 0) + IF('U10'!$A$4="1ª", 'U10'!I5*'U10'!I$4, 0) + IF('U11'!$A$4="1ª", 'U11'!I5*'U11'!I$4, 0) + IF('U12'!$A$4="1ª", 'U12'!I5*'U12'!I$4, 0) + IF('U13'!$A$4="1ª", 'U13'!I5*'U13'!I$4, 0) + IF('U14'!$A$4="1ª", 'U14'!I5*'U14'!I$4, 0) + IF('U15'!$A$4="1ª", 'U15'!I5*'U15'!I$4, 0) ) /$CB$12 ) /R$13, "") -> 0 | T19: =IF(T$13>0, ( ( IF('U1'!$A$4="1ª", 'U1'!J5*'U1'!J$4, 0) + IF('U2'!$A$4="1ª", 'U2'!J5*'U2'!J$4, 0) + IF('U3'!$A$4="1ª", 'U3'!J5*'U3'!J$4, 0) + IF('U4'!$A$4="1ª", 'U4'!J5*'U4'!J$4, 0) + IF('U5'!$A$4="1ª", 'U5'!J5*'U5'!J$4, 0) + IF('U6'!$A$4="1ª", 'U6'!J5*'U6'!J$4, 0) + IF('U7'!$A$4="1ª", 'U7'!J5*'U7'!J$4, 0) + IF('U8'!$A$4="1ª", 'U8'!J5*'U8'!J$4, 0) + IF('U9'!$A$4="1ª", 'U9'!J5*'U9'!J$4, 0) + IF('U10'!$A$4="1ª", 'U10'!J5*'U10'!J$4, 0) + IF('U11'!$A$4="1ª", 'U11'!J5*'U11'!J$4, 0) + IF('U12'!$A$4="1ª", 'U12'!J5*'U12'!J$4, 0) + IF('U13'!$A$4="1ª", 'U13'!J5*'U13'!J$4, 0) + IF('U14'!$A$4="1ª", 'U14'!J5*'U14'!J$4, 0) + IF('U15'!$A$4="1ª", 'U15'!J5*'U15'!J$4, 0) ) /$CB$12 ) /T$13, "") -> 0 | V19: =IF(V$13>0, ( ( IF('U1'!$A$4="1ª", 'U1'!K5*'U1'!K$4, 0) + IF('U2'!$A$4="1ª", 'U2'!K5*'U2'!K$4, 0) + IF('U3'!$A$4="1ª", 'U3'!K5*'U3'!K$4, 0) + IF('U4'!$A$4="1ª", 'U4'!K5*'U4'!K$4, 0) + IF('U5'!$A$4="1ª", 'U5'!K5*'U5'!K$4, 0) + IF('U6'!$A$4="1ª", 'U6'!K5*'U6'!K$4, 0) + IF('U7'!$A$4="1ª", 'U7'!K5*'U7'!K$4, 0) + IF('U8'!$A$4="1ª", 'U8'!K5*'U8'!K$4, 0) + IF('U9'!$A$4="1ª", 'U9'!K5*'U9'!K$4, 0) + IF('U10'!$A$4="1ª", 'U10'!K5*'U10'!K$4, 0) + IF('U11'!$A$4="1ª", 'U11'!K5*'U11'!K$4, 0) + IF('U12'!$A$4="1ª", 'U12'!K5*'U12'!K$4, 0) + IF('U13'!$A$4="1ª", 'U13'!K5*'U13'!K$4, 0) + IF('U14'!$A$4="1ª", 'U14'!K5*'U14'!K$4, 0) + IF('U15'!$A$4="1ª", 'U15'!K5*'U15'!K$4, 0) ) /$CB$12 ) /V$13, "") -> 0 | X19: =IF(X$13>0, ( ( IF('U1'!$A$4="1ª", 'U1'!L5*'U1'!L$4, 0) + IF('U2'!$A$4="1ª", 'U2'!L5*'U2'!L$4, 0) + IF('U3'!$A$4="1ª", 'U3'!L5*'U3'!L$4, 0) + IF('U4'!$A$4="1ª", 'U4'!L5*'U4'!L$4, 0) + IF('U5'!$A$4="1ª", 'U5'!L5*'U5'!L$4, 0) + IF('U6'!$A$4="1ª", 'U6'!L5*'U6'!L$4, 0) + IF('U7'!$A$4="1ª", 'U7'!L5*'U7'!L$4, 0) + IF('U8'!$A$4="1ª", 'U8'!L5*'U8'!L$4, 0) + IF('U9'!$A$4="1ª", 'U9'!L5*'U9'!L$4, 0) + IF('U10'!$A$4="1ª", 'U10'!L5*'U10'!L$4, 0) + IF('U11'!$A$4="1ª", 'U11'!L5*'U11'!L$4, 0) + IF('U12'!$A$4="1ª", 'U12'!L5*'U12'!L$4, 0) + IF('U13'!$A$4="1ª", 'U13'!L5*'U13'!L$4, 0) + IF('U14'!$A$4="1ª", 'U14'!L5*'U14'!L$4, 0) + IF('U15'!$A$4="1ª", 'U15'!L5*'U15'!L$4, 0) ) /$CB$12 ) /X$13, "") | Z19: =IF(Z$13>0, ( ( IF('U1'!$A$4="1ª", 'U1'!M5*'U1'!M$4, 0) + IF('U2'!$A$4="1ª", 'U2'!M5*'U2'!M$4, 0) + IF('U3'!$A$4="1ª", 'U3'!M5*'U3'!M$4, 0) + IF('U4'!$A$4="1ª", 'U4'!M5*'U4'!M$4, 0) + IF('U5'!$A$4="1ª", 'U5'!M5*'U5'!M$4, 0) + IF('U6'!$A$4="1ª", 'U6'!M5*'U6'!M$4, 0) + IF('U7'!$A$4="1ª", 'U7'!M5*'U7'!M$4, 0) + IF('U8'!$A$4="1ª", 'U8'!M5*'U8'!M$4, 0) + IF('U9'!$A$4="1ª", 'U9'!M5*'U9'!M$4, 0) + IF('U10'!$A$4="1ª", 'U10'!M5*'U10'!M$4, 0) + IF('U11'!$A$4="1ª", 'U11'!M5*'U11'!M$4, 0) + IF('U12'!$A$4="1ª", 'U12'!M5*'U12'!M$4, 0) + IF('U13'!$A$4="1ª", 'U13'!M5*'U13'!M$4, 0) + IF('U14'!$A$4="1ª", 'U14'!M5*'U14'!M$4, 0) + IF('U15'!$A$4="1ª", 'U15'!M5*'U15'!M$4, 0) ) /$CB$12 ) /Z$13, "") | AB19: =IFERROR(SUM( MAX(AC19,AD19)*AC$13, MAX(AE19,AF19)*AE$13, MAX(AG19,AH19)*AG$13, MAX(AI19,AJ19)*AI$13, MAX(AK19,AL19)*AK$13, MAX(AM19,AN19)*AM$13 )/AB$14,"") -> 0 | AC19: =IF(AC$13>0, ( ( IF('U1'!$A$4="1ª", 'U1'!N5*'U1'!N$4, 0) + IF('U2'!$A$4="1ª", 'U2'!N5*'U2'!N$4, 0) + IF('U3'!$A$4="1ª", 'U3'!N5*'U3'!N$4, 0) + IF('U4'!$A$4="1ª", 'U4'!N5*'U4'!N$4, 0) + IF('U5'!$A$4="1ª", 'U5'!N5*'U5'!N$4, 0) + IF('U6'!$A$4="1ª", 'U6'!N5*'U6'!N$4, 0) + IF('U7'!$A$4="1ª", 'U7'!N5*'U7'!N$4, 0) + IF('U8'!$A$4="1ª", 'U8'!N5*'U8'!N$4, 0) + IF('U9'!$A$4="1ª", 'U9'!N5*'U9'!N$4, 0) + IF('U10'!$A$4="1ª", 'U10'!N5*'U10'!N$4, 0) + IF('U11'!$A$4="1ª", 'U11'!N5*'U11'!N$4, 0) + IF('U12'!$A$4="1ª", 'U12'!N5*'U12'!N$4, 0) + IF('U13'!$A$4="1ª", 'U13'!N5*'U13'!N$4, 0) + IF('U14'!$A$4="1ª", 'U14'!N5*'U14'!N$4, 0) + IF('U15'!$A$4="1ª", 'U15'!N5*'U15'!N$4, 0) ) /$CB$12 ) /AC$13, "") | AE19: =IF(AE$13>0, ( ( IF('U1'!$A$4="1ª", 'U1'!O5*'U1'!O$4, 0)+ IF('U2'!$A$4="1ª", 'U2'!O5*'U2'!O$4, 0)+ IF('U3'!$A$4="1ª", 'U3'!O5*'U3'!O$4, 0)+ IF('U4'!$A$4="1ª", 'U4'!O5*'U4'!O$4, 0)+ IF('U5'!$A$4="1ª", 'U5'!O5*'U5'!O$4, 0)+ IF('U6'!$A$4="1ª", 'U6'!O5*'U6'!O$4, 0)+ IF('U7'!$A$4="1ª", 'U7'!O5*'U7'!O$4, 0)+ IF('U8'!$A$4="1ª", 'U8'!O5*'U8'!O$4, 0)+ IF('U9'!$A$4="1ª", 'U9'!O5*'U9'!O$4, 0)+ IF('U10'!$A$4="1ª", 'U10'!O5*'U10'!O$4, 0)+ IF('U11'!$A$4="1ª", 'U11'!O5*'U11'!O$4, 0)+ IF('U12'!$A$4="1ª", 'U12'!O5*'U12'!O$4, 0)+ IF('U13'!$A$4="1ª", 'U13'!O5*'U13'!O$4, 0)+ IF('U14'!$A$4="1ª", 'U14'!O5*'U14'!O$4, 0)+ IF('U15'!$A$4="1ª", 'U15'!O5*'U15'!O$4, 0) ) /$CB$12 ) /AE$13, "") | AG19: =IF(AG$13>0, ( ( IF('U1'!$A$4="1ª", 'U1'!P5*'U1'!P$4, 0)+ IF('U2'!$A$4="1ª", 'U2'!P5*'U2'!P$4, 0)+ IF('U3'!$A$4="1ª", 'U3'!P5*'U3'!P$4, 0)+ IF('U4'!$A$4="1ª", 'U4'!P5*'U4'!P$4, 0)+ IF('U5'!$A$4="1ª", 'U5'!P5*'U5'!P$4, 0)+ IF('U6'!$A$4="1ª", 'U6'!P5*'U6'!P$4, 0)+ IF('U7'!$A$4="1ª", 'U7'!P5*'U7'!P$4, 0)+ IF('U8'!$A$4="1ª", 'U8'!P5*'U8'!P$4, 0)+ IF('U9'!$A$4="1ª", 'U9'!P5*'U9'!P$4, 0)+ IF('U10'!$A$4="1ª", 'U10'!P5*'U10'!P$4, 0)+ IF('U11'!$A$4="1ª", 'U11'!P5*'U11'!P$4, 0)+ IF('U12'!$A$4="1ª", 'U12'!P5*'U12'!P$4, 0)+ IF('U13'!$A$4="1ª", 'U13'!P5*'U13'!P$4, 0)+ IF('U14'!$A$4="1ª", 'U14'!P5*'U14'!P$4, 0)+ IF('U15'!$A$4="1ª", 'U15'!P5*'U15'!P$4, 0) ) /$CB$12 ) /AG$13, "") | AI19: =IF(AI$13>0, ( ( IF('U1'!$A$4="1ª", 'U1'!Q5*'U1'!Q$4, 0)+ IF('U2'!$A$4="1ª", 'U2'!Q5*'U2'!Q$4, 0)+ IF('U3'!$A$4="1ª", 'U3'!Q5*'U3'!Q$4, 0)+ IF('U4'!$A$4="1ª", 'U4'!Q5*'U4'!Q$4, 0)+ IF('U5'!$A$4="1ª", 'U5'!Q5*'U5'!Q$4, 0)+ IF('U6'!$A$4="1ª", 'U6'!Q5*'U6'!Q$4, 0)+ IF('U7'!$A$4="1ª", 'U7'!Q5*'U7'!Q$4, 0)+ IF('U8'!$A$4="1ª", 'U8'!Q5*'U8'!Q$4, 0)+ IF('U9'!$A$4="1ª", 'U9'!Q5*'U9'!Q$4, 0)+ IF('U10'!$A$4="1ª", 'U10'!Q5*'U10'!Q$4, 0)+ IF('U11'!$A$4="1ª", 'U11'!Q5*'U11'!Q$4, 0)+ IF('U12'!$A$4="1ª", 'U12'!Q5*'U12'!Q$4, 0)+ IF('U13'!$A$4="1ª", 'U13'!Q5*'U13'!Q$4, 0)+ IF('U14'!$A$4="1ª", 'U14'!Q5*'U14'!Q$4, 0)+ IF('U15'!$A$4="1ª", 'U15'!Q5*'U15'!Q$4, 0) ) /$CB$12 ) /AI$13, "") -> 0 | AK19: =IF(AK$13>0, ( ( IF('U1'!$A$4="1ª", 'U1'!R5*'U1'!R$4, 0)+ IF('U2'!$A$4="1ª", 'U2'!R5*'U2'!R$4, 0)+ IF('U3'!$A$4="1ª", 'U3'!R5*'U3'!R$4, 0)+ IF('U4'!$A$4="1ª", 'U4'!R5*'U4'!R$4, 0)+ IF('U5'!$A$4="1ª", 'U5'!R5*'U5'!R$4, 0)+ IF('U6'!$A$4="1ª", 'U6'!R5*'U6'!R$4, 0)+ IF('U7'!$A$4="1ª", 'U7'!R5*'U7'!R$4, 0)+ IF('U8'!$A$4="1ª", 'U8'!R5*'U8'!R$4, 0)+ IF('U9'!$A$4="1ª", 'U9'!R5*'U9'!R$4, 0)+ IF('U10'!$A$4="1ª", 'U10'!R5*'U10'!R$4, 0)+ IF('U11'!$A$4="1ª", 'U11'!R5*'U11'!R$4, 0)+ IF('U12'!$A$4="1ª", 'U12'!R5*'U12'!R$4, 0)+ IF('U13'!$A$4="1ª", 'U13'!R5*'U13'!R$4, 0)+ IF('U14'!$A$4="1ª", 'U14'!R5*'U14'!R$4, 0)+ IF('U15'!$A$4="1ª", 'U15'!R5*'U15'!R$4, 0) ) /$CB$12 ) /AK$13, "") -> 0 | AM19: =IF(AM$13>0, ( ( IF('U1'!$A$4="1ª", 'U1'!S5*'U1'!S$4, 0)+ IF('U2'!$A$4="1ª", 'U2'!S5*'U2'!S$4, 0)+ IF('U3'!$A$4="1ª", 'U3'!S5*'U3'!S$4, 0)+ IF('U4'!$A$4="1ª", 'U4'!S5*'U4'!S$4, 0)+ IF('U5'!$A$4="1ª", 'U5'!S5*'U5'!S$4, 0)+ IF('U6'!$A$4="1ª", 'U6'!S5*'U6'!S$4, 0)+ IF('U7'!$A$4="1ª", 'U7'!S5*'U7'!S$4, 0)+ IF('U8'!$A$4="1ª", 'U8'!S5*'U8'!S$4, 0)+ IF('U9'!$A$4="1ª", 'U9'!S5*'U9'!S$4, 0)+ IF('U10'!$A$4="1ª", 'U10'!S5*'U10'!S$4, 0)+ IF('U11'!$A$4="1ª", 'U11'!S5*'U11'!S$4, 0)+ IF('U12'!$A$4="1ª", 'U12'!S5*'U12'!S$4, 0)+ IF('U13'!$A$4="1ª", 'U13'!S5*'U13'!S$4, 0)+ IF('U14'!$A$4="1ª", 'U14'!S5*'U14'!S$4, 0)+ IF('U15'!$A$4="1ª", 'U15'!S5*'U15'!S$4, 0) ) /$CB$12 ) /AM$13, "") | AO19: =IFERROR(SUM( MAX(AP19,AQ19)*AP$13, MAX(AR19,AS19)*AR$13, MAX(AT19,AU19)*AT$13, MAX(AV19,AW19)*AV$13, MAX(AX19,AY19)*AX$13, MAX(AZ19,BA19)*AZ$13 )/AO$14,"") -> 0 | AP19: =IF(AP$13>0, ( ( IF('U1'!$A$4="1ª", 'U1'!T5*'U1'!T$4, 0)+ IF('U2'!$A$4="1ª", 'U2'!T5*'U2'!T$4, 0)+ IF('U3'!$A$4="1ª", 'U3'!T5*'U3'!T$4, 0)+ IF('U4'!$A$4="1ª", 'U4'!T5*'U4'!T$4, 0)+ IF('U5'!$A$4="1ª", 'U5'!T5*'U5'!T$4, 0)+ IF('U6'!$A$4="1ª", 'U6'!T5*'U6'!T$4, 0)+ IF('U7'!$A$4="1ª", 'U7'!T5*'U7'!T$4, 0)+ IF('U8'!$A$4="1ª", 'U8'!T5*'U8'!T$4, 0)+ IF('U9'!$A$4="1ª", 'U9'!T5*'U9'!T$4, 0)+ IF('U10'!$A$4="1ª", 'U10'!T5*'U10'!T$4, 0)+ IF('U11'!$A$4="1ª", 'U11'!T5*'U11'!T$4, 0)+ IF('U12'!$A$4="1ª", 'U12'!T5*'U12'!T$4, 0)+ IF('U13'!$A$4="1ª", 'U13'!T5*'U13'!T$4, 0)+ IF('U14'!$A$4="1ª", 'U14'!T5*'U14'!T$4, 0)+ IF('U15'!$A$4="1ª", 'U15'!T5*'U15'!T$4, 0) ) /$CB$12 ) /AP$13, "") -> 0 | AR19: =IF(AR$13>0, ( ( IF('U1'!$A$4="1ª", 'U1'!U5*'U1'!U$4, 0)+ IF('U2'!$A$4="1ª", 'U2'!U5*'U2'!U$4, 0)+ IF('U3'!$A$4="1ª", 'U3'!U5*'U3'!U$4, 0)+ IF('U4'!$A$4="1ª", 'U4'!U5*'U4'!U$4, 0)+ IF('U5'!$A$4="1ª", 'U5'!U5*'U5'!U$4, 0)+ IF('U6'!$A$4="1ª", 'U6'!U5*'U6'!U$4, 0)+ IF('U7'!$A$4="1ª", 'U7'!U5*'U7'!U$4, 0)+ IF('U8'!$A$4="1ª", 'U8'!U5*'U8'!U$4, 0)+ IF('U9'!$A$4="1ª", 'U9'!U5*'U9'!U$4, 0)+ IF('U10'!$A$4="1ª", 'U10'!U5*'U10'!U$4, 0)+ IF('U11'!$A$4="1ª", 'U11'!U5*'U11'!U$4, 0)+ IF('U12'!$A$4="1ª", 'U12'!U5*'U12'!U$4, 0)+ IF('U13'!$A$4="1ª", 'U13'!U5*'U13'!U$4, 0)+ IF('U14'!$A$4="1ª", 'U14'!U5*'U14'!U$4, 0)+ IF('U15'!$A$4="1ª", 'U15'!U5*'U15'!U$4, 0) ) /$CB$12 ) /AR$13, "") -> 0 | AT19: =IF(AT$13>0, ( ( IF('U1'!$A$4="1ª", 'U1'!V5*'U1'!V$4, 0)+ IF('U2'!$A$4="1ª", 'U2'!V5*'U2'!V$4, 0)+ IF('U3'!$A$4="1ª", 'U3'!V5*'U3'!V$4, 0)+ IF('U4'!$A$4="1ª", 'U4'!V5*'U4'!V$4, 0)+ IF('U5'!$A$4="1ª", 'U5'!V5*'U5'!V$4, 0)+ IF('U6'!$A$4="1ª", 'U6'!V5*'U6'!V$4, 0)+ IF('U7'!$A$4="1ª", 'U7'!V5*'U7'!V$4, 0)+ IF('U8'!$A$4="1ª", 'U8'!V5*'U8'!V$4, 0)+ IF('U9'!$A$4="1ª", 'U9'!V5*'U9'!V$4, 0)+ IF('U10'!$A$4="1ª", 'U10'!V5*'U10'!V$4, 0)+ IF('U11'!$A$4="1ª", 'U11'!V5*'U11'!V$4, 0)+ IF('U12'!$A$4="1ª", 'U12'!V5*'U12'!V$4, 0)+ IF('U13'!$A$4="1ª", 'U13'!V5*'U13'!V$4, 0)+ IF('U14'!$A$4="1ª", 'U14'!V5*'U14'!V$4, 0)+ IF('U15'!$A$4="1ª", 'U15'!V5*'U15'!V$4, 0) ) /$CB$12 ) /AT$13, "") | AV19: =IF(AV$13>0, ( ( IF('U1'!$A$4="1ª", 'U1'!W5*'U1'!W$4, 0)+ IF('U2'!$A$4="1ª", 'U2'!W5*'U2'!W$4, 0)+ IF('U3'!$A$4="1ª", 'U3'!W5*'U3'!W$4, 0)+ IF('U4'!$A$4="1ª", 'U4'!W5*'U4'!W$4, 0)+ IF('U5'!$A$4="1ª", 'U5'!W5*'U5'!W$4, 0)+ IF('U6'!$A$4="1ª", 'U6'!W5*'U6'!W$4, 0)+ IF('U7'!$A$4="1ª", 'U7'!W5*'U7'!W$4, 0)+ IF('U8'!$A$4="1ª", 'U8'!W5*'U8'!W$4, 0)+ IF('U9'!$A$4="1ª", 'U9'!W5*'U9'!W$4, 0)+ IF('U10'!$A$4="1ª", 'U10'!W5*'U10'!W$4, 0)+ IF('U11'!$A$4="1ª", 'U11'!W5*'U11'!W$4, 0)+ IF('U12'!$A$4="1ª", 'U12'!W5*'U12'!W$4, 0)+ IF('U13'!$A$4="1ª", 'U13'!W5*'U13'!W$4, 0)+ IF('U14'!$A$4="1ª", 'U14'!W5*'U14'!W$4, 0)+ IF('U15'!$A$4="1ª", 'U15'!W5*'U15'!W$4, 0) ) /$CB$12 ) /AV$13, "") -> 0 | AX19: =IF(AX$13>0, ( ( IF('U1'!$A$4="1ª", 'U1'!X5*'U1'!X$4, 0)+ IF('U2'!$A$4="1ª", 'U2'!X5*'U2'!X$4, 0)+ IF('U3'!$A$4="1ª", 'U3'!X5*'U3'!X$4, 0)+ IF('U4'!$A$4="1ª", 'U4'!X5*'U4'!X$4, 0)+ IF('U5'!$A$4="1ª", 'U5'!X5*'U5'!X$4, 0)+ IF('U6'!$A$4="1ª", 'U6'!X5*'U6'!X$4, 0)+ IF('U7'!$A$4="1ª", 'U7'!X5*'U7'!X$4, 0)+ IF('U8'!$A$4="1ª", 'U8'!X5*'U8'!X$4, 0)+ IF('U9'!$A$4="1ª", 'U9'!X5*'U9'!X$4, 0)+ IF('U10'!$A$4="1ª", 'U10'!X5*'U10'!X$4, 0)+ IF('U11'!$A$4="1ª", 'U11'!X5*'U11'!X$4, 0)+ IF('U12'!$A$4="1ª", 'U12'!X5*'U12'!X$4, 0)+ IF('U13'!$A$4="1ª", 'U13'!X5*'U13'!X$4, 0)+ IF('U14'!$A$4="1ª", 'U14'!X5*'U14'!X$4, 0)+ IF('U15'!$A$4="1ª", 'U15'!X5*'U15'!X$4, 0) ) /$CB$12 ) /AX$13, "") | AZ19: =IF(AZ$13>0, ( ( IF('U1'!$A$4="1ª", 'U1'!Y5*'U1'!Y$4, 0)+ IF('U2'!$A$4="1ª", 'U2'!Y5*'U2'!Y$4, 0)+ IF('U3'!$A$4="1ª", 'U3'!Y5*'U3'!Y$4, 0)+ IF('U4'!$A$4="1ª", 'U4'!Y5*'U4'!Y$4, 0)+ IF('U5'!$A$4="1ª", 'U5'!Y5*'U5'!Y$4, 0)+ IF('U6'!$A$4="1ª", 'U6'!Y5*'U6'!Y$4, 0)+ IF('U7'!$A$4="1ª", 'U7'!Y5*'U7'!Y$4, 0)+ IF('U8'!$A$4="1ª", 'U8'!Y5*'U8'!Y$4, 0)+ IF('U9'!$A$4="1ª", 'U9'!Y5*'U9'!Y$4, 0)+ IF('U10'!$A$4="1ª", 'U10'!Y5*'U10'!Y$4, 0)+ IF('U11'!$A$4="1ª", 'U11'!Y5*'U11'!Y$4, 0)+ IF('U12'!$A$4="1ª", 'U12'!Y5*'U12'!Y$4, 0)+ IF('U13'!$A$4="1ª", 'U13'!Y5*'U13'!Y$4, 0)+ IF('U14'!$A$4="1ª", 'U14'!Y5*'U14'!Y$4, 0)+ IF('U15'!$A$4="1ª", 'U15'!Y5*'U15'!Y$4, 0) ) /$CB$12 ) /AZ$13, "") | BB19: =IFERROR(SUM( MAX(BC19,BD19)*BC$13, MAX(BE19,BF19)*BE$13, MAX(BG19,BH19)*BG$13, MAX(BI19,BJ19)*BI$13, MAX(BK19,BL19)*BK$13, MAX(BM19,BN19)*BM$13 )/BB$14,"") -> 0 | BC19: =IF(BC$13>0, ( ( IF('U1'!$A$4="1ª", 'U1'!Z5*'U1'!Z$4, 0)+ IF('U2'!$A$4="1ª", 'U2'!Z5*'U2'!Z$4, 0)+ IF('U3'!$A$4="1ª", 'U3'!Z5*'U3'!Z$4, 0)+ IF('U4'!$A$4="1ª", 'U4'!Z5*'U4'!Z$4, 0)+ IF('U5'!$A$4="1ª", 'U5'!Z5*'U5'!Z$4, 0)+ IF('U6'!$A$4="1ª", 'U6'!Z5*'U6'!Z$4, 0)+ IF('U7'!$A$4="1ª", 'U7'!Z5*'U7'!Z$4, 0)+ IF('U8'!$A$4="1ª", 'U8'!Z5*'U8'!Z$4, 0)+ IF('U9'!$A$4="1ª", 'U9'!Z5*'U9'!Z$4, 0)+ IF('U10'!$A$4="1ª", 'U10'!Z5*'U10'!Z$4, 0)+ IF('U11'!$A$4="1ª", 'U11'!Z5*'U11'!Z$4, 0)+ IF('U12'!$A$4="1ª", 'U12'!Z5*'U12'!Z$4, 0)+ IF('U13'!$A$4="1ª", 'U13'!Z5*'U13'!Z$4, 0)+ IF('U14'!$A$4="1ª", 'U14'!Z5*'U14'!Z$4, 0)+ IF('U15'!$A$4="1ª", 'U15'!Z5*'U15'!Z$4, 0) ) /$CB$12 ) /BC$13, "") | BE19: =IF(BE$13>0, ( ( IF('U1'!$A$4="1ª", 'U1'!AA5*'U1'!AA$4, 0)+ IF('U2'!$A$4="1ª", 'U2'!AA5*'U2'!AA$4, 0)+ IF('U3'!$A$4="1ª", 'U3'!AA5*'U3'!AA$4, 0)+ IF('U4'!$A$4="1ª", 'U4'!AA5*'U4'!AA$4, 0)+ IF('U5'!$A$4="1ª", 'U5'!AA5*'U5'!AA$4, 0)+ IF('U6'!$A$4="1ª", 'U6'!AA5*'U6'!AA$4, 0)+ IF('U7'!$A$4="1ª", 'U7'!AA5*'U7'!AA$4, 0)+ IF('U8'!$A$4="1ª", 'U8'!AA5*'U8'!AA$4, 0)+ IF('U9'!$A$4="1ª", 'U9'!AA5*'U9'!AA$4, 0)+ IF('U10'!$A$4="1ª", 'U10'!AA5*'U10'!AA$4, 0)+ IF('U11'!$A$4="1ª", 'U11'!AA5*'U11'!AA$4, 0)+ IF('U12'!$A$4="1ª", 'U12'!AA5*'U12'!AA$4, 0)+ IF('U13'!$A$4="1ª", 'U13'!AA5*'U13'!AA$4, 0)+ IF('U14'!$A$4="1ª", 'U14'!AA5*'U14'!AA$4, 0)+ IF('U15'!$A$4="1ª", 'U15'!AA5*'U15'!AA$4, 0) ) /$CB$12 ) /BE$13, "") | BG19: =IF(BG$13>0, ( ( IF('U1'!$A$4="1ª", 'U1'!AB5*'U1'!AB$4, 0)+ IF('U2'!$A$4="1ª", 'U2'!AB5*'U2'!AB$4, 0)+ IF('U3'!$A$4="1ª", 'U3'!AB5*'U3'!AB$4, 0)+ IF('U4'!$A$4="1ª", 'U4'!AB5*'U4'!AB$4, 0)+ IF('U5'!$A$4="1ª", 'U5'!AB5*'U5'!AB$4, 0)+ IF('U6'!$A$4="1ª", 'U6'!AB5*'U6'!AB$4, 0)+ IF('U7'!$A$4="1ª", 'U7'!AB5*'U7'!AB$4, 0)+ IF('U8'!$A$4="1ª", 'U8'!AB5*'U8'!AB$4, 0)+ IF('U9'!$A$4="1ª", 'U9'!AB5*'U9'!AB$4, 0)+ IF('U10'!$A$4="1ª", 'U10'!AB5*'U10'!AB$4, 0)+ IF('U11'!$A$4="1ª", 'U11'!AB5*'U11'!AB$4, 0)+ IF('U12'!$A$4="1ª", 'U12'!AB5*'U12'!AB$4, 0)+ IF('U13'!$A$4="1ª", 'U13'!AB5*'U13'!AB$4, 0)+ IF('U14'!$A$4="1ª", 'U14'!AB5*'U14'!AB$4, 0)+ IF('U15'!$A$4="1ª", 'U15'!AB5*'U15'!AB$4, 0) ) /$CB$12 ) /BG$13, "") | BI19: =IF(BI$13>0, ( ( IF('U1'!$A$4="1ª", 'U1'!AC5*'U1'!AC$4, 0)+ IF('U2'!$A$4="1ª", 'U2'!AC5*'U2'!AC$4, 0)+ IF('U3'!$A$4="1ª", 'U3'!AC5*'U3'!AC$4, 0)+ IF('U4'!$A$4="1ª", 'U4'!AC5*'U4'!AC$4, 0)+ IF('U5'!$A$4="1ª", 'U5'!AC5*'U5'!AC$4, 0)+ IF('U6'!$A$4="1ª", 'U6'!AC5*'U6'!AC$4, 0)+ IF('U7'!$A$4="1ª", 'U7'!AC5*'U7'!AC$4, 0)+ IF('U8'!$A$4="1ª", 'U8'!AC5*'U8'!AC$4, 0)+ IF('U9'!$A$4="1ª", 'U9'!AC5*'U9'!AC$4, 0)+ IF('U10'!$A$4="1ª", 'U10'!AC5*'U10'!AC$4, 0)+ IF('U11'!$A$4="1ª", 'U11'!AC5*'U11'!AC$4, 0)+ IF('U12'!$A$4="1ª", 'U12'!AC5*'U12'!AC$4, 0)+ IF('U13'!$A$4="1ª", 'U13'!AC5*'U13'!AC$4, 0)+ IF('U14'!$A$4="1ª", 'U14'!AC5*'U14'!AC$4, 0)+ IF('U15'!$A$4="1ª", 'U15'!AC5*'U15'!AC$4, 0) ) /$CB$12 ) /BI$13, "") -> 0 | BK19: =IF(BK$13>0, ( ( IF('U1'!$A$4="1ª", 'U1'!AD5*'U1'!AD$4, 0)+ IF('U2'!$A$4="1ª", 'U2'!AD5*'U2'!AD$4, 0)+ IF('U3'!$A$4="1ª", 'U3'!AD5*'U3'!AD$4, 0)+ IF('U4'!$A$4="1ª", 'U4'!AD5*'U4'!AD$4, 0)+ IF('U5'!$A$4="1ª", 'U5'!AD5*'U5'!AD$4, 0)+ IF('U6'!$A$4="1ª", 'U6'!AD5*'U6'!AD$4, 0)+ IF('U7'!$A$4="1ª", 'U7'!AD5*'U7'!AD$4, 0)+ IF('U8'!$A$4="1ª", 'U8'!AD5*'U8'!AD$4, 0)+ IF('U9'!$A$4="1ª", 'U9'!AD5*'U9'!AD$4, 0)+ IF('U10'!$A$4="1ª", 'U10'!AD5*'U10'!AD$4, 0)+ IF('U11'!$A$4="1ª", 'U11'!AD5*'U11'!AD$4, 0)+ IF('U12'!$A$4="1ª", 'U12'!AD5*'U12'!AD$4, 0)+ IF('U13'!$A$4="1ª", 'U13'!AD5*'U13'!AD$4, 0)+ IF('U14'!$A$4="1ª", 'U14'!AD5*'U14'!AD$4, 0)+ IF('U15'!$A$4="1ª", 'U15'!AD5*'U15'!AD$4, 0) ) /$CB$12 ) /BK$13, "") | BM19: =IF(BM$13>0, ( ( IF('U1'!$A$4="1ª", 'U1'!AE5*'U1'!AE$4, 0)+ IF('U2'!$A$4="1ª", 'U2'!AE5*'U2'!AE$4, 0)+ IF('U3'!$A$4="1ª", 'U3'!AE5*'U3'!AE$4, 0)+ IF('U4'!$A$4="1ª", 'U4'!AE5*'U4'!AE$4, 0)+ IF('U5'!$A$4="1ª", 'U5'!AE5*'U5'!AE$4, 0)+ IF('U6'!$A$4="1ª", 'U6'!AE5*'U6'!AE$4, 0)+ IF('U7'!$A$4="1ª", 'U7'!AE5*'U7'!AE$4, 0)+ IF('U8'!$A$4="1ª", 'U8'!AE5*'U8'!AE$4, 0)+ IF('U9'!$A$4="1ª", 'U9'!AE5*'U9'!AE$4, 0)+ IF('U10'!$A$4="1ª", 'U10'!AE5*'U10'!AE$4, 0)+ IF('U11'!$A$4="1ª", 'U11'!AE5*'U11'!AE$4, 0)+ IF('U12'!$A$4="1ª", 'U12'!AE5*'U12'!AE$4, 0)+ IF('U13'!$A$4="1ª", 'U13'!AE5*'U13'!AE$4, 0)+ IF('U14'!$A$4="1ª", 'U14'!AE5*'U14'!AE$4, 0)+ IF('U15'!$A$4="1ª", 'U15'!AE5*'U15'!AE$4, 0) ) /$CB$12 ) /BM$13, "") | BO19: =IFERROR(SUM( MAX(BP19,BQ19)*BP$13, MAX(BR19,BS19)*BR$13, MAX(BT19,BU19)*BT$13, MAX(BV19,BW19)*BV$13, MAX(BX19,BY19)*BX$13, MAX(BZ19,CA19)*BZ$13 )/BO$14,"") | BP19: =IF(BP$13>0, ( ( IF('U1'!$A$4="1ª", 'U1'!AF5*'U1'!AF$4, 0)+ IF('U2'!$A$4="1ª", 'U2'!AF5*'U2'!AF$4, 0)+ IF('U3'!$A$4="1ª", 'U3'!AF5*'U3'!AF$4, 0)+ IF('U4'!$A$4="1ª", 'U4'!AF5*'U4'!AF$4, 0)+ IF('U5'!$A$4="1ª", 'U5'!AF5*'U5'!AF$4, 0)+ IF('U6'!$A$4="1ª", 'U6'!AF5*'U6'!AF$4, 0)+ IF('U7'!$A$4="1ª", 'U7'!AF5*'U7'!AF$4, 0)+ IF('U8'!$A$4="1ª", 'U8'!AF5*'U8'!AF$4, 0)+ IF('U9'!$A$4="1ª", 'U9'!AF5*'U9'!AF$4, 0)+ IF('U10'!$A$4="1ª", 'U10'!AF5*'U10'!AF$4, 0)+ IF('U11'!$A$4="1ª", 'U11'!AF5*'U11'!AF$4, 0)+ IF('U12'!$A$4="1ª", 'U12'!AF5*'U12'!AF$4, 0)+ IF('U13'!$A$4="1ª", 'U13'!AF5*'U13'!AF$4, 0)+ IF('U14'!$A$4="1ª", 'U14'!AF5*'U14'!AF$4, 0)+ IF('U15'!$A$4="1ª", 'U15'!AF5*'U15'!AF$4, 0) ) /$CB$12 ) /BP$13, "") | BR19: =IF(BR$13>0, ( ( IF('U1'!$A$4="1ª", 'U1'!AG5*'U1'!AG$4, 0)+ IF('U2'!$A$4="1ª", 'U2'!AG5*'U2'!AG$4, 0)+ IF('U3'!$A$4="1ª", 'U3'!AG5*'U3'!AG$4, 0)+ IF('U4'!$A$4="1ª", 'U4'!AG5*'U4'!AG$4, 0)+ IF('U5'!$A$4="1ª", 'U5'!AG5*'U5'!AG$4, 0)+ IF('U6'!$A$4="1ª", 'U6'!AG5*'U6'!AG$4, 0)+ IF('U7'!$A$4="1ª", 'U7'!AG5*'U7'!AG$4, 0)+ IF('U8'!$A$4="1ª", 'U8'!AG5*'U8'!AG$4, 0)+ IF('U9'!$A$4="1ª", 'U9'!AG5*'U9'!AG$4, 0)+ IF('U10'!$A$4="1ª", 'U10'!AG5*'U10'!AG$4, 0)+ IF('U11'!$A$4="1ª", 'U11'!AG5*'U11'!AG$4, 0)+ IF('U12'!$A$4="1ª", 'U12'!AG5*'U12'!AG$4, 0)+ IF('U13'!$A$4="1ª", 'U13'!AG5*'U13'!AG$4, 0)+ IF('U14'!$A$4="1ª", 'U14'!AG5*'U14'!AG$4, 0)+ IF('U15'!$A$4="1ª", 'U15'!AG5*'U15'!AG$4, 0) ) /$CB$12 ) /BR$13, "") | BT19: =IF(BT$13>0, ( ( IF('U1'!$A$4="1ª", 'U1'!AH5*'U1'!AH$4, 0)+ IF('U2'!$A$4="1ª", 'U2'!AH5*'U2'!AH$4, 0)+ IF('U3'!$A$4="1ª", 'U3'!AH5*'U3'!AH$4, 0)+ IF('U4'!$A$4="1ª", 'U4'!AH5*'U4'!AH$4, 0)+ IF('U5'!$A$4="1ª", 'U5'!AH5*'U5'!AH$4, 0)+ IF('U6'!$A$4="1ª", 'U6'!AH5*'U6'!AH$4, 0)+ IF('U7'!$A$4="1ª", 'U7'!AH5*'U7'!AH$4, 0)+ IF('U8'!$A$4="1ª", 'U8'!AH5*'U8'!AH$4, 0)+ IF('U9'!$A$4="1ª", 'U9'!AH5*'U9'!AH$4, 0)+ IF('U10'!$A$4="1ª", 'U10'!AH5*'U10'!AH$4, 0)+ IF('U11'!$A$4="1ª", 'U11'!AH5*'U11'!AH$4, 0)+ IF('U12'!$A$4="1ª", 'U12'!AH5*'U12'!AH$4, 0)+ IF('U13'!$A$4="1ª", 'U13'!AH5*'U13'!AH$4, 0)+ IF('U14'!$A$4="1ª", 'U14'!AH5*'U14'!AH$4, 0)+ IF('U15'!$A$4="1ª", 'U15'!AH5*'U15'!AH$4, 0) ) /$CB$12 ) /BT$13, "") | BV19: =IF(BT$13>0, ( ( IF('U1'!$A$4="1ª", 'U1'!AH5*'U1'!AH$4, 0)+ IF('U2'!$A$4="1ª", 'U2'!AH5*'U2'!AH$4, 0)+ IF('U3'!$A$4="1ª", 'U3'!AH5*'U3'!AH$4, 0)+ IF('U4'!$A$4="1ª", 'U4'!AH5*'U4'!AH$4, 0)+ IF('U5'!$A$4="1ª", 'U5'!AH5*'U5'!AH$4, 0)+ IF('U6'!$A$4="1ª", 'U6'!AH5*'U6'!AH$4, 0)+ IF('U7'!$A$4="1ª", 'U7'!AH5*'U7'!AH$4, 0)+ IF('U8'!$A$4="1ª", 'U8'!AH5*'U8'!AH$4, 0)+ IF('U9'!$A$4="1ª", 'U9'!AH5*'U9'!AH$4, 0)+ IF('U10'!$A$4="1ª", 'U10'!AH5*'U10'!AH$4, 0)+ IF('U11'!$A$4="1ª", 'U11'!AH5*'U11'!AH$4, 0)+ IF('U12'!$A$4="1ª", 'U12'!AH5*'U12'!AH$4, 0)+ IF('U13'!$A$4="1ª", 'U13'!AH5*'U13'!AH$4, 0)+ IF('U14'!$A$4="1ª", 'U14'!AH5*'U14'!AH$4, 0)+ IF('U15'!$A$4="1ª", 'U15'!AH5*'U15'!AH$4, 0) ) /$CB$12 ) /BT$13, "") | BX19: =IF(BV$13>0, ( ( IF('U1'!$A$4="1ª", 'U1'!AI5*'U1'!AI$4, 0)+ IF('U2'!$A$4="1ª", 'U2'!AI5*'U2'!AI$4, 0)+ IF('U3'!$A$4="1ª", 'U3'!AI5*'U3'!AI$4, 0)+ IF('U4'!$A$4="1ª", 'U4'!AI5*'U4'!AI$4, 0)+ IF('U5'!$A$4="1ª", 'U5'!AI5*'U5'!AI$4, 0)+ IF('U6'!$A$4="1ª", 'U6'!AI5*'U6'!AI$4, 0)+ IF('U7'!$A$4="1ª", 'U7'!AI5*'U7'!AI$4, 0)+ IF('U8'!$A$4="1ª", 'U8'!AI5*'U8'!AI$4, 0)+ IF('U9'!$A$4="1ª", 'U9'!AI5*'U9'!AI$4, 0)+ IF('U10'!$A$4="1ª", 'U10'!AI5*'U10'!AI$4, 0)+ IF('U11'!$A$4="1ª", 'U11'!AI5*'U11'!AI$4, 0)+ IF('U12'!$A$4="1ª", 'U12'!AI5*'U12'!AI$4, 0)+ IF('U13'!$A$4="1ª", 'U13'!AI5*'U13'!AI$4, 0)+ IF('U14'!$A$4="1ª", 'U14'!AI5*'U14'!AI$4, 0)+ IF('U15'!$A$4="1ª", 'U15'!AI5*'U15'!AI$4, 0) ) /$CB$12 ) /BV$13, "") | BZ19: =IF(BZ$13>0, ( ( IF('U1'!$A$4="1ª", 'U1'!AK5*'U1'!AK$4, 0)+ IF('U2'!$A$4="1ª", 'U2'!AK5*'U2'!AK$4, 0)+ IF('U3'!$A$4="1ª", 'U3'!AK5*'U3'!AK$4, 0)+ IF('U4'!$A$4="1ª", 'U4'!AK5*'U4'!AK$4, 0)+ IF('U5'!$A$4="1ª", 'U5'!AK5*'U5'!AK$4, 0)+ IF('U6'!$A$4="1ª", 'U6'!AK5*'U6'!AK$4, 0)+ IF('U7'!$A$4="1ª", 'U7'!AK5*'U7'!AK$4, 0)+ IF('U8'!$A$4="1ª", 'U8'!AK5*'U8'!AK$4, 0)+ IF('U9'!$A$4="1ª", 'U9'!AK5*'U9'!AK$4, 0)+ IF('U10'!$A$4="1ª", 'U10'!AK5*'U10'!AK$4, 0)+ IF('U11'!$A$4="1ª", 'U11'!AK5*'U11'!AK$4, 0)+ IF('U12'!$A$4="1ª", 'U12'!AK5*'U12'!AK$4, 0)+ IF('U13'!$A$4="1ª", 'U13'!AK5*'U13'!AK$4, 0)+ IF('U14'!$A$4="1ª", 'U14'!AK5*'U14'!AK$4, 0)+ IF('U15'!$A$4="1ª", 'U15'!AK5*'U15'!AK$4, 0) ) /$CB$12 ) /BZ$13, "") | CB19: =MAX(P19,Q19)*$P$13 +MAX(R19,S19)*$R$13 +MAX(T19,U19)*$T$13 +MAX(V19,W19)*$V$13 +MAX(X19,Y19)*$X$13 +MAX(Z19,AA19)*$Z$13+MAX(C19,D19)*$C$13 +MAX(E19,F19)*$E$13 +MAX(G19,H19)*$G$13 +MAX(I19,J19)*$I$13 +MAX(K19,L19)*$K$13 +MAX(M19,N19)*$M$13+MAX(AC19,AD19)*$AC$13 +MAX(AE19,AF19)*$AE$13 +MAX(AG19,AH19)*$AG$13 +MAX(AI19,AJ19)*$AI$13 +MAX(AK19,AL19)*$AK$13 +MAX(AM19,AN19)*$AM$13+MAX(AP19,AQ19)*$AP$13 +MAX(AR19,AS19)*$AR$13 +MAX(AT19,AU19)*$AT$13 +MAX(AV19,AW19)*$AV$13 +MAX(AX19,AY19)*$AX$13 +MAX(AZ19,BA19)*$AZ$13+MAX(BC19,BD19)*$BC$13 +MAX(BE19,BF19)*$BE$13 +MAX(BG19,BH19)*$BG$13 +MAX(BI19,BJ19)*$BI$13 +MAX(BK19,BL19)*$BK$13 +MAX(BM19,BN19)*$BM$13+MAX(BP19,BQ19)*$BP$13 +MAX(BR19,BS19)*$BR$13 +MAX(BT19,BU19)*$BT$13 +MAX(BV19,BW19)*$BV$13 +MAX(BX19,BY19)*$BX$13 +MAX(BZ19,CA19)*$BZ$13 -> 0 | CC19: =B19*$B$14+O19*$O$14+AB19*$AB$14+AO19*$AO$14+BB19*$BB$14 -> 0
A20: Martinez carlos | B20: =IFERROR(SUM( MAX(C20,D20)*C$13, MAX(E20,F20)*E$13, MAX(G20,H20)*G$13, MAX(I20,J20)*I$13, MAX(K20,L20)*K$13, MAX(M20,N20)*M$13 )/B$14,"") -> 0 | C20: =IF(C$13>0, ( ( IF('U1'!$A$4="1ª", 'U1'!B6*'U1'!B$4, 0) + IF('U2'!$A$4="1ª", 'U2'!B6*'U2'!B$4, 0) + IF('U3'!$A$4="1ª", 'U3'!B6*'U3'!B$4, 0) + IF('U4'!$A$4="1ª", 'U4'!B6*'U4'!B$4, 0) + IF('U5'!$A$4="1ª", 'U5'!B6*'U5'!B$4, 0) + IF('U6'!$A$4="1ª", 'U6'!B6*'U6'!B$4, 0) + IF('U7'!$A$4="1ª", 'U7'!B6*'U7'!B$4, 0) + IF('U8'!$A$4="1ª", 'U8'!B6*'U8'!B$4, 0) + IF('U9'!$A$4="1ª", 'U9'!B6*'U9'!B$4, 0) + IF('U10'!$A$4="1ª", 'U10'!B6*'U10'!B$4, 0) + IF('U11'!$A$4="1ª", 'U11'!B6*'U11'!B$4, 0) + IF('U12'!$A$4="1ª", 'U12'!B6*'U12'!B$4, 0) + IF('U13'!$A$4="1ª", 'U13'!B6*'U13'!B$4, 0) + IF('U14'!$A$4="1ª", 'U14'!B6*'U14'!B$4, 0) + IF('U15'!$A$4="1ª", 'U15'!B6*'U15'!B$4, 0) ) /$CB$12 ) /C$13, "") -> 0 | E20: =IF(E$13>0, ( ( IF('U1'!$A$4="1ª", 'U1'!C6*'U1'!C$4, 0) + IF('U2'!$A$4="1ª", 'U2'!C6*'U2'!C$4, 0) + IF('U3'!$A$4="1ª", 'U3'!C6*'U3'!C$4, 0) + IF('U4'!$A$4="1ª", 'U4'!C6*'U4'!C$4, 0) + IF('U5'!$A$4="1ª", 'U5'!C6*'U5'!C$4, 0) + IF('U6'!$A$4="1ª", 'U6'!C6*'U6'!C$4, 0) + IF('U7'!$A$4="1ª", 'U7'!C6*'U7'!C$4, 0) + IF('U8'!$A$4="1ª", 'U8'!C6*'U8'!C$4, 0) + IF('U9'!$A$4="1ª", 'U9'!C6*'U9'!C$4, 0) + IF('U10'!$A$4="1ª", 'U10'!C6*'U10'!C$4, 0) + IF('U11'!$A$4="1ª", 'U11'!C6*'U11'!C$4, 0) + IF('U12'!$A$4="1ª", 'U12'!C6*'U12'!C$4, 0) + IF('U13'!$A$4="1ª", 'U13'!C6*'U13'!C$4, 0) + IF('U14'!$A$4="1ª", 'U14'!C6*'U14'!C$4, 0) + IF('U15'!$A$4="1ª", 'U15'!C6*'U15'!C$4, 0) ) /$CB$12 ) /E$13, "") -> 0 | G20: =IF(G$13>0, ( ( IF('U1'!$A$4="1ª", 'U1'!D6*'U1'!D$4, 0) + IF('U2'!$A$4="1ª", 'U2'!D6*'U2'!D$4, 0) + IF('U3'!$A$4="1ª", 'U3'!D6*'U3'!D$4, 0) + IF('U4'!$A$4="1ª", 'U4'!D6*'U4'!D$4, 0) + IF('U5'!$A$4="1ª", 'U5'!D6*'U5'!D$4, 0) + IF('U6'!$A$4="1ª", 'U6'!D6*'U6'!D$4, 0) + IF('U7'!$A$4="1ª", 'U7'!D6*'U7'!D$4, 0) + IF('U8'!$A$4="1ª", 'U8'!D6*'U8'!D$4, 0) + IF('U9'!$A$4="1ª", 'U9'!D6*'U9'!D$4, 0) + IF('U10'!$A$4="1ª", 'U10'!D6*'U10'!D$4, 0) + IF('U11'!$A$4="1ª", 'U11'!D6*'U11'!D$4, 0) + IF('U12'!$A$4="1ª", 'U12'!D6*'U12'!D$4, 0) + IF('U13'!$A$4="1ª", 'U13'!D6*'U13'!D$4, 0) + IF('U14'!$A$4="1ª", 'U14'!D6*'U14'!D$4, 0) + IF('U15'!$A$4="1ª", 'U15'!D6*'U15'!D$4, 0) ) /$CB$12 ) /G$13, "") -> 0 | I20: =IF(I$13>0, ( ( IF('U1'!$A$4="1ª", 'U1'!E6*'U1'!E$4, 0) + IF('U2'!$A$4="1ª", 'U2'!E6*'U2'!E$4, 0) + IF('U3'!$A$4="1ª", 'U3'!E6*'U3'!E$4, 0) + IF('U4'!$A$4="1ª", 'U4'!E6*'U4'!E$4, 0) + IF('U5'!$A$4="1ª", 'U5'!E6*'U5'!E$4, 0) + IF('U6'!$A$4="1ª", 'U6'!E6*'U6'!E$4, 0) + IF('U7'!$A$4="1ª", 'U7'!E6*'U7'!E$4, 0) + IF('U8'!$A$4="1ª", 'U8'!E6*'U8'!E$4, 0) + IF('U9'!$A$4="1ª", 'U9'!E6*'U9'!E$4, 0) + IF('U10'!$A$4="1ª", 'U10'!E6*'U10'!E$4, 0) + IF('U11'!$A$4="1ª", 'U11'!E6*'U11'!E$4, 0) + IF('U12'!$A$4="1ª", 'U12'!E6*'U12'!E$4, 0) + IF('U13'!$A$4="1ª", 'U13'!E6*'U13'!E$4, 0) + IF('U14'!$A$4="1ª", 'U14'!E6*'U14'!E$4, 0) + IF('U15'!$A$4="1ª", 'U15'!E6*'U15'!E$4, 0) ) /$CB$12 ) /I$13, "") -> 0 | K20: =IF(K$13>0, ( ( IF('U1'!$A$4="1ª", 'U1'!F6*'U1'!F$4, 0) + IF('U2'!$A$4="1ª", 'U2'!F6*'U2'!F$4, 0) + IF('U3'!$A$4="1ª", 'U3'!F6*'U3'!F$4, 0) + IF('U4'!$A$4="1ª", 'U4'!F6*'U4'!F$4, 0) + IF('U5'!$A$4="1ª", 'U5'!F6*'U5'!F$4, 0) + IF('U6'!$A$4="1ª", 'U6'!F6*'U6'!F$4, 0) + IF('U7'!$A$4="1ª", 'U7'!F6*'U7'!F$4, 0) + IF('U8'!$A$4="1ª", 'U8'!F6*'U8'!F$4, 0) + IF('U9'!$A$4="1ª", 'U9'!F6*'U9'!F$4, 0) + IF('U10'!$A$4="1ª", 'U10'!F6*'U10'!F$4, 0) + IF('U11'!$A$4="1ª", 'U11'!F6*'U11'!F$4, 0) + IF('U12'!$A$4="1ª", 'U12'!F6*'U12'!F$4, 0) + IF('U13'!$A$4="1ª", 'U13'!F6*'U13'!F$4, 0) + IF('U14'!$A$4="1ª", 'U14'!F6*'U14'!F$4, 0) + IF('U15'!$A$4="1ª", 'U15'!F6*'U15'!F$4, 0) ) /$CB$12 ) /K$13, "") -> 0 | M20: =IF(M$13>0, ( ( IF('U1'!$A$4="1ª", 'U1'!G6*'U1'!G$4, 0) + IF('U2'!$A$4="1ª", 'U2'!G6*'U2'!G$4, 0) + IF('U3'!$A$4="1ª", 'U3'!G6*'U3'!G$4, 0) + IF('U4'!$A$4="1ª", 'U4'!G6*'U4'!G$4, 0) + IF('U5'!$A$4="1ª", 'U5'!G6*'U5'!G$4, 0) + IF('U6'!$A$4="1ª", 'U6'!G6*'U6'!G$4, 0) + IF('U7'!$A$4="1ª", 'U7'!G6*'U7'!G$4, 0) + IF('U8'!$A$4="1ª", 'U8'!G6*'U8'!G$4, 0) + IF('U9'!$A$4="1ª", 'U9'!G6*'U9'!G$4, 0) + IF('U10'!$A$4="1ª", 'U10'!G6*'U10'!G$4, 0) + IF('U11'!$A$4="1ª", 'U11'!G6*'U11'!G$4, 0) + IF('U12'!$A$4="1ª", 'U12'!G6*'U12'!G$4, 0) + IF('U13'!$A$4="1ª", 'U13'!G6*'U13'!G$4, 0) + IF('U14'!$A$4="1ª", 'U14'!G6*'U14'!G$4, 0) + IF('U15'!$A$4="1ª", 'U15'!G6*'U15'!G$4, 0) ) /$CB$12 ) /M$13, "") | O20: =IFERROR(SUM( MAX(P20,Q20)*P$13, MAX(R20,S20)*R$13, MAX(T20,U20)*T$13, MAX(V20,W20)*V$13, MAX(X20,Y20)*X$13, MAX(Z20,AA20)*Z$13 )/O$14,"") -> 0 | P20: =IF(P$13>0, ( ( IF('U1'!$A$4="1ª", 'U1'!H6*'U1'!H$4, 0) + IF('U2'!$A$4="1ª", 'U2'!H6*'U2'!H$4, 0) + IF('U3'!$A$4="1ª", 'U3'!H6*'U3'!H$4, 0) + IF('U4'!$A$4="1ª", 'U4'!H6*'U4'!H$4, 0) + IF('U5'!$A$4="1ª", 'U5'!H6*'U5'!H$4, 0) + IF('U6'!$A$4="1ª", 'U6'!H6*'U6'!H$4, 0) + IF('U7'!$A$4="1ª", 'U7'!H6*'U7'!H$4, 0) + IF('U8'!$A$4="1ª", 'U8'!H6*'U8'!H$4, 0) + IF('U9'!$A$4="1ª", 'U9'!H6*'U9'!H$4, 0) + IF('U10'!$A$4="1ª", 'U10'!H6*'U10'!H$4, 0) + IF('U11'!$A$4="1ª", 'U11'!H6*'U11'!H$4, 0) + IF('U12'!$A$4="1ª", 'U12'!H6*'U12'!H$4, 0) + IF('U13'!$A$4="1ª", 'U13'!H6*'U13'!H$4, 0) + IF('U14'!$A$4="1ª", 'U14'!H6*'U14'!H$4, 0) + IF('U15'!$A$4="1ª", 'U15'!H6*'U15'!H$4, 0) ) /$CB$12 ) /P$13, "") -> 0 | R20: =IF(R$13>0, ( ( IF('U1'!$A$4="1ª", 'U1'!I6*'U1'!I$4, 0) + IF('U2'!$A$4="1ª", 'U2'!I6*'U2'!I$4, 0) + IF('U3'!$A$4="1ª", 'U3'!I6*'U3'!I$4, 0) + IF('U4'!$A$4="1ª", 'U4'!I6*'U4'!I$4, 0) + IF('U5'!$A$4="1ª", 'U5'!I6*'U5'!I$4, 0) + IF('U6'!$A$4="1ª", 'U6'!I6*'U6'!I$4, 0) + IF('U7'!$A$4="1ª", 'U7'!I6*'U7'!I$4, 0) + IF('U8'!$A$4="1ª", 'U8'!I6*'U8'!I$4, 0) + IF('U9'!$A$4="1ª", 'U9'!I6*'U9'!I$4, 0) + IF('U10'!$A$4="1ª", 'U10'!I6*'U10'!I$4, 0) + IF('U11'!$A$4="1ª", 'U11'!I6*'U11'!I$4, 0) + IF('U12'!$A$4="1ª", 'U12'!I6*'U12'!I$4, 0) + IF('U13'!$A$4="1ª", 'U13'!I6*'U13'!I$4, 0) + IF('U14'!$A$4="1ª", 'U14'!I6*'U14'!I$4, 0) + IF('U15'!$A$4="1ª", 'U15'!I6*'U15'!I$4, 0) ) /$CB$12 ) /R$13, "") -> 0 | T20: =IF(T$13>0, ( ( IF('U1'!$A$4="1ª", 'U1'!J6*'U1'!J$4, 0) + IF('U2'!$A$4="1ª", 'U2'!J6*'U2'!J$4, 0) + IF('U3'!$A$4="1ª", 'U3'!J6*'U3'!J$4, 0) + IF('U4'!$A$4="1ª", 'U4'!J6*'U4'!J$4, 0) + IF('U5'!$A$4="1ª", 'U5'!J6*'U5'!J$4, 0) + IF('U6'!$A$4="1ª", 'U6'!J6*'U6'!J$4, 0) + IF('U7'!$A$4="1ª", 'U7'!J6*'U7'!J$4, 0) + IF('U8'!$A$4="1ª", 'U8'!J6*'U8'!J$4, 0) + IF('U9'!$A$4="1ª", 'U9'!J6*'U9'!J$4, 0) + IF('U10'!$A$4="1ª", 'U10'!J6*'U10'!J$4, 0) + IF('U11'!$A$4="1ª", 'U11'!J6*'U11'!J$4, 0) + IF('U12'!$A$4="1ª", 'U12'!J6*'U12'!J$4, 0) + IF('U13'!$A$4="1ª", 'U13'!J6*'U13'!J$4, 0) + IF('U14'!$A$4="1ª", 'U14'!J6*'U14'!J$4, 0) + IF('U15'!$A$4="1ª", 'U15'!J6*'U15'!J$4, 0) ) /$CB$12 ) /T$13, "") -> 0 | V20: =IF(V$13>0, ( ( IF('U1'!$A$4="1ª", 'U1'!K6*'U1'!K$4, 0) + IF('U2'!$A$4="1ª", 'U2'!K6*'U2'!K$4, 0) + IF('U3'!$A$4="1ª", 'U3'!K6*'U3'!K$4, 0) + IF('U4'!$A$4="1ª", 'U4'!K6*'U4'!K$4, 0) + IF('U5'!$A$4="1ª", 'U5'!K6*'U5'!K$4, 0) + IF('U6'!$A$4="1ª", 'U6'!K6*'U6'!K$4, 0) + IF('U7'!$A$4="1ª", 'U7'!K6*'U7'!K$4, 0) + IF('U8'!$A$4="1ª", 'U8'!K6*'U8'!K$4, 0) + IF('U9'!$A$4="1ª", 'U9'!K6*'U9'!K$4, 0) + IF('U10'!$A$4="1ª", 'U10'!K6*'U10'!K$4, 0) + IF('U11'!$A$4="1ª", 'U11'!K6*'U11'!K$4, 0) + IF('U12'!$A$4="1ª", 'U12'!K6*'U12'!K$4, 0) + IF('U13'!$A$4="1ª", 'U13'!K6*'U13'!K$4, 0) + IF('U14'!$A$4="1ª", 'U14'!K6*'U14'!K$4, 0) + IF('U15'!$A$4="1ª", 'U15'!K6*'U15'!K$4, 0) ) /$CB$12 ) /V$13, "") -> 0 | X20: =IF(X$13>0, ( ( IF('U1'!$A$4="1ª", 'U1'!L6*'U1'!L$4, 0) + IF('U2'!$A$4="1ª", 'U2'!L6*'U2'!L$4, 0) + IF('U3'!$A$4="1ª", 'U3'!L6*'U3'!L$4, 0) + IF('U4'!$A$4="1ª", 'U4'!L6*'U4'!L$4, 0) + IF('U5'!$A$4="1ª", 'U5'!L6*'U5'!L$4, 0) + IF('U6'!$A$4="1ª", 'U6'!L6*'U6'!L$4, 0) + IF('U7'!$A$4="1ª", 'U7'!L6*'U7'!L$4, 0) + IF('U8'!$A$4="1ª", 'U8'!L6*'U8'!L$4, 0) + IF('U9'!$A$4="1ª", 'U9'!L6*'U9'!L$4, 0) + IF('U10'!$A$4="1ª", 'U10'!L6*'U10'!L$4, 0) + IF('U11'!$A$4="1ª", 'U11'!L6*'U11'!L$4, 0) + IF('U12'!$A$4="1ª", 'U12'!L6*'U12'!L$4, 0) + IF('U13'!$A$4="1ª", 'U13'!L6*'U13'!L$4, 0) + IF('U14'!$A$4="1ª", 'U14'!L6*'U14'!L$4, 0) + IF('U15'!$A$4="1ª", 'U15'!L6*'U15'!L$4, 0) ) /$CB$12 ) /X$13, "") | Z20: =IF(Z$13>0, ( ( IF('U1'!$A$4="1ª", 'U1'!M6*'U1'!M$4, 0) + IF('U2'!$A$4="1ª", 'U2'!M6*'U2'!M$4, 0) + IF('U3'!$A$4="1ª", 'U3'!M6*'U3'!M$4, 0) + IF('U4'!$A$4="1ª", 'U4'!M6*'U4'!M$4, 0) + IF('U5'!$A$4="1ª", 'U5'!M6*'U5'!M$4, 0) + IF('U6'!$A$4="1ª", 'U6'!M6*'U6'!M$4, 0) + IF('U7'!$A$4="1ª", 'U7'!M6*'U7'!M$4, 0) + IF('U8'!$A$4="1ª", 'U8'!M6*'U8'!M$4, 0) + IF('U9'!$A$4="1ª", 'U9'!M6*'U9'!M$4, 0) + IF('U10'!$A$4="1ª", 'U10'!M6*'U10'!M$4, 0) + IF('U11'!$A$4="1ª", 'U11'!M6*'U11'!M$4, 0) + IF('U12'!$A$4="1ª", 'U12'!M6*'U12'!M$4, 0) + IF('U13'!$A$4="1ª", 'U13'!M6*'U13'!M$4, 0) + IF('U14'!$A$4="1ª", 'U14'!M6*'U14'!M$4, 0) + IF('U15'!$A$4="1ª", 'U15'!M6*'U15'!M$4, 0) ) /$CB$12 ) /Z$13, "") | AB20: =IFERROR(SUM( MAX(AC20,AD20)*AC$13, MAX(AE20,AF20)*AE$13, MAX(AG20,AH20)*AG$13, MAX(AI20,AJ20)*AI$13, MAX(AK20,AL20)*AK$13, MAX(AM20,AN20)*AM$13 )/AB$14,"") -> 0 | AC20: =IF(AC$13>0, ( ( IF('U1'!$A$4="1ª", 'U1'!N6*'U1'!N$4, 0) + IF('U2'!$A$4="1ª", 'U2'!N6*'U2'!N$4, 0) + IF('U3'!$A$4="1ª", 'U3'!N6*'U3'!N$4, 0) + IF('U4'!$A$4="1ª", 'U4'!N6*'U4'!N$4, 0) + IF('U5'!$A$4="1ª", 'U5'!N6*'U5'!N$4, 0) + IF('U6'!$A$4="1ª", 'U6'!N6*'U6'!N$4, 0) + IF('U7'!$A$4="1ª", 'U7'!N6*'U7'!N$4, 0) + IF('U8'!$A$4="1ª", 'U8'!N6*'U8'!N$4, 0) + IF('U9'!$A$4="1ª", 'U9'!N6*'U9'!N$4, 0) + IF('U10'!$A$4="1ª", 'U10'!N6*'U10'!N$4, 0) + IF('U11'!$A$4="1ª", 'U11'!N6*'U11'!N$4, 0) + IF('U12'!$A$4="1ª", 'U12'!N6*'U12'!N$4, 0) + IF('U13'!$A$4="1ª", 'U13'!N6*'U13'!N$4, 0) + IF('U14'!$A$4="1ª", 'U14'!N6*'U14'!N$4, 0) + IF('U15'!$A$4="1ª", 'U15'!N6*'U15'!N$4, 0) ) /$CB$12 ) /AC$13, "") | AE20: =IF(AE$13>0, ( ( IF('U1'!$A$4="1ª", 'U1'!O6*'U1'!O$4, 0)+ IF('U2'!$A$4="1ª", 'U2'!O6*'U2'!O$4, 0)+ IF('U3'!$A$4="1ª", 'U3'!O6*'U3'!O$4, 0)+ IF('U4'!$A$4="1ª", 'U4'!O6*'U4'!O$4, 0)+ IF('U5'!$A$4="1ª", 'U5'!O6*'U5'!O$4, 0)+ IF('U6'!$A$4="1ª", 'U6'!O6*'U6'!O$4, 0)+ IF('U7'!$A$4="1ª", 'U7'!O6*'U7'!O$4, 0)+ IF('U8'!$A$4="1ª", 'U8'!O6*'U8'!O$4, 0)+ IF('U9'!$A$4="1ª", 'U9'!O6*'U9'!O$4, 0)+ IF('U10'!$A$4="1ª", 'U10'!O6*'U10'!O$4, 0)+ IF('U11'!$A$4="1ª", 'U11'!O6*'U11'!O$4, 0)+ IF('U12'!$A$4="1ª", 'U12'!O6*'U12'!O$4, 0)+ IF('U13'!$A$4="1ª", 'U13'!O6*'U13'!O$4, 0)+ IF('U14'!$A$4="1ª", 'U14'!O6*'U14'!O$4, 0)+ IF('U15'!$A$4="1ª", 'U15'!O6*'U15'!O$4, 0) ) /$CB$12 ) /AE$13, "") | AG20: =IF(AG$13>0, ( ( IF('U1'!$A$4="1ª", 'U1'!P6*'U1'!P$4, 0)+ IF('U2'!$A$4="1ª", 'U2'!P6*'U2'!P$4, 0)+ IF('U3'!$A$4="1ª", 'U3'!P6*'U3'!P$4, 0)+ IF('U4'!$A$4="1ª", 'U4'!P6*'U4'!P$4, 0)+ IF('U5'!$A$4="1ª", 'U5'!P6*'U5'!P$4, 0)+ IF('U6'!$A$4="1ª", 'U6'!P6*'U6'!P$4, 0)+ IF('U7'!$A$4="1ª", 'U7'!P6*'U7'!P$4, 0)+ IF('U8'!$A$4="1ª", 'U8'!P6*'U8'!P$4, 0)+ IF('U9'!$A$4="1ª", 'U9'!P6*'U9'!P$4, 0)+ IF('U10'!$A$4="1ª", 'U10'!P6*'U10'!P$4, 0)+ IF('U11'!$A$4="1ª", 'U11'!P6*'U11'!P$4, 0)+ IF('U12'!$A$4="1ª", 'U12'!P6*'U12'!P$4, 0)+ IF('U13'!$A$4="1ª", 'U13'!P6*'U13'!P$4, 0)+ IF('U14'!$A$4="1ª", 'U14'!P6*'U14'!P$4, 0)+ IF('U15'!$A$4="1ª", 'U15'!P6*'U15'!P$4, 0) ) /$CB$12 ) /AG$13, "") | AI20: =IF(AI$13>0, ( ( IF('U1'!$A$4="1ª", 'U1'!Q6*'U1'!Q$4, 0)+ IF('U2'!$A$4="1ª", 'U2'!Q6*'U2'!Q$4, 0)+ IF('U3'!$A$4="1ª", 'U3'!Q6*'U3'!Q$4, 0)+ IF('U4'!$A$4="1ª", 'U4'!Q6*'U4'!Q$4, 0)+ IF('U5'!$A$4="1ª", 'U5'!Q6*'U5'!Q$4, 0)+ IF('U6'!$A$4="1ª", 'U6'!Q6*'U6'!Q$4, 0)+ IF('U7'!$A$4="1ª", 'U7'!Q6*'U7'!Q$4, 0)+ IF('U8'!$A$4="1ª", 'U8'!Q6*'U8'!Q$4, 0)+ IF('U9'!$A$4="1ª", 'U9'!Q6*'U9'!Q$4, 0)+ IF('U10'!$A$4="1ª", 'U10'!Q6*'U10'!Q$4, 0)+ IF('U11'!$A$4="1ª", 'U11'!Q6*'U11'!Q$4, 0)+ IF('U12'!$A$4="1ª", 'U12'!Q6*'U12'!Q$4, 0)+ IF('U13'!$A$4="1ª", 'U13'!Q6*'U13'!Q$4, 0)+ IF('U14'!$A$4="1ª", 'U14'!Q6*'U14'!Q$4, 0)+ IF('U15'!$A$4="1ª", 'U15'!Q6*'U15'!Q$4, 0) ) /$CB$12 ) /AI$13, "") -> 0 | AK20: =IF(AK$13>0, ( ( IF('U1'!$A$4="1ª", 'U1'!R6*'U1'!R$4, 0)+ IF('U2'!$A$4="1ª", 'U2'!R6*'U2'!R$4, 0)+ IF('U3'!$A$4="1ª", 'U3'!R6*'U3'!R$4, 0)+ IF('U4'!$A$4="1ª", 'U4'!R6*'U4'!R$4, 0)+ IF('U5'!$A$4="1ª", 'U5'!R6*'U5'!R$4, 0)+ IF('U6'!$A$4="1ª", 'U6'!R6*'U6'!R$4, 0)+ IF('U7'!$A$4="1ª", 'U7'!R6*'U7'!R$4, 0)+ IF('U8'!$A$4="1ª", 'U8'!R6*'U8'!R$4, 0)+ IF('U9'!$A$4="1ª", 'U9'!R6*'U9'!R$4, 0)+ IF('U10'!$A$4="1ª", 'U10'!R6*'U10'!R$4, 0)+ IF('U11'!$A$4="1ª", 'U11'!R6*'U11'!R$4, 0)+ IF('U12'!$A$4="1ª", 'U12'!R6*'U12'!R$4, 0)+ IF('U13'!$A$4="1ª", 'U13'!R6*'U13'!R$4, 0)+ IF('U14'!$A$4="1ª", 'U14'!R6*'U14'!R$4, 0)+ IF('U15'!$A$4="1ª", 'U15'!R6*'U15'!R$4, 0) ) /$CB$12 ) /AK$13, "") -> 0 | AM20: =IF(AM$13>0, ( ( IF('U1'!$A$4="1ª", 'U1'!S6*'U1'!S$4, 0)+ IF('U2'!$A$4="1ª", 'U2'!S6*'U2'!S$4, 0)+ IF('U3'!$A$4="1ª", 'U3'!S6*'U3'!S$4, 0)+ IF('U4'!$A$4="1ª", 'U4'!S6*'U4'!S$4, 0)+ IF('U5'!$A$4="1ª", 'U5'!S6*'U5'!S$4, 0)+ IF('U6'!$A$4="1ª", 'U6'!S6*'U6'!S$4, 0)+ IF('U7'!$A$4="1ª", 'U7'!S6*'U7'!S$4, 0)+ IF('U8'!$A$4="1ª", 'U8'!S6*'U8'!S$4, 0)+ IF('U9'!$A$4="1ª", 'U9'!S6*'U9'!S$4, 0)+ IF('U10'!$A$4="1ª", 'U10'!S6*'U10'!S$4, 0)+ IF('U11'!$A$4="1ª", 'U11'!S6*'U11'!S$4, 0)+ IF('U12'!$A$4="1ª", 'U12'!S6*'U12'!S$4, 0)+ IF('U13'!$A$4="1ª", 'U13'!S6*'U13'!S$4, 0)+ IF('U14'!$A$4="1ª", 'U14'!S6*'U14'!S$4, 0)+ IF('U15'!$A$4="1ª", 'U15'!S6*'U15'!S$4, 0) ) /$CB$12 ) /AM$13, "") | AO20: =IFERROR(SUM( MAX(AP20,AQ20)*AP$13, MAX(AR20,AS20)*AR$13, MAX(AT20,AU20)*AT$13, MAX(AV20,AW20)*AV$13, MAX(AX20,AY20)*AX$13, MAX(AZ20,BA20)*AZ$13 )/AO$14,"") -> 0 | AP20: =IF(AP$13>0, ( ( IF('U1'!$A$4="1ª", 'U1'!T6*'U1'!T$4, 0) + IF('U2'!$A$4="1ª", 'U2'!T6*'U2'!T$4, 0) + IF('U3'!$A$4="1ª", 'U3'!T6*'U3'!T$4, 0) + IF('U4'!$A$4="1ª", 'U4'!T6*'U4'!T$4, 0) + IF('U5'!$A$4="1ª", 'U5'!T6*'U5'!T$4, 0) + IF('U6'!$A$4="1ª", 'U6'!T6*'U6'!T$4, 0) + IF('U7'!$A$4="1ª", 'U7'!T6*'U7'!T$4, 0) + IF('U8'!$A$4="1ª", 'U8'!T6*'U8'!T$4, 0) + IF('U9'!$A$4="1ª", 'U9'!T6*'U9'!T$4, 0) + IF('U10'!$A$4="1ª", 'U10'!T6*'U10'!T$4, 0) + IF('U11'!$A$4="1ª", 'U11'!T6*'U11'!T$4, 0) + IF('U12'!$A$4="1ª", 'U12'!T6*'U12'!T$4, 0) + IF('U13'!$A$4="1ª", 'U13'!T6*'U13'!T$4, 0) + IF('U14'!$A$4="1ª", 'U14'!T6*'U14'!T$4, 0) + IF('U15'!$A$4="1ª", 'U15'!T6*'U15'!T$4, 0) ) /$CB$12 ) / AP$13, "") -> 0 | AR20: =IF(AR$13>0, ( ( IF('U1'!$A$4="1ª", 'U1'!U6*'U1'!U$4, 0)+ IF('U2'!$A$4="1ª", 'U2'!U6*'U2'!U$4, 0)+ IF('U3'!$A$4="1ª", 'U3'!U6*'U3'!U$4, 0)+ IF('U4'!$A$4="1ª", 'U4'!U6*'U4'!U$4, 0)+ IF('U5'!$A$4="1ª", 'U5'!U6*'U5'!U$4, 0)+ IF('U6'!$A$4="1ª", 'U6'!U6*'U6'!U$4, 0)+ IF('U7'!$A$4="1ª", 'U7'!U6*'U7'!U$4, 0)+ IF('U8'!$A$4="1ª", 'U8'!U6*'U8'!U$4, 0)+ IF('U9'!$A$4="1ª", 'U9'!U6*'U9'!U$4, 0)+ IF('U10'!$A$4="1ª", 'U10'!U6*'U10'!U$4, 0)+ IF('U11'!$A$4="1ª", 'U11'!U6*'U11'!U$4, 0)+ IF('U12'!$A$4="1ª", 'U12'!U6*'U12'!U$4, 0)+ IF('U13'!$A$4="1ª", 'U13'!U6*'U13'!U$4, 0)+ IF('U14'!$A$4="1ª", 'U14'!U6*'U14'!U$4, 0)+ IF('U15'!$A$4="1ª", 'U15'!U6*'U15'!U$4, 0) ) /$CB$12 ) /AR$13, "") -> 0 | AT20: =IF(AT$13>0, ( ( IF('U1'!$A$4="1ª", 'U1'!V6*'U1'!V$4, 0)+ IF('U2'!$A$4="1ª", 'U2'!V6*'U2'!V$4, 0)+ IF('U3'!$A$4="1ª", 'U3'!V6*'U3'!V$4, 0)+ IF('U4'!$A$4="1ª", 'U4'!V6*'U4'!V$4, 0)+ IF('U5'!$A$4="1ª", 'U5'!V6*'U5'!V$4, 0)+ IF('U6'!$A$4="1ª", 'U6'!V6*'U6'!V$4, 0)+ IF('U7'!$A$4="1ª", 'U7'!V6*'U7'!V$4, 0)+ IF('U8'!$A$4="1ª", 'U8'!V6*'U8'!V$4, 0)+ IF('U9'!$A$4="1ª", 'U9'!V6*'U9'!V$4, 0)+ IF('U10'!$A$4="1ª", 'U10'!V6*'U10'!V$4, 0)+ IF('U11'!$A$4="1ª", 'U11'!V6*'U11'!V$4, 0)+ IF('U12'!$A$4="1ª", 'U12'!V6*'U12'!V$4, 0)+ IF('U13'!$A$4="1ª", 'U13'!V6*'U13'!V$4, 0)+ IF('U14'!$A$4="1ª", 'U14'!V6*'U14'!V$4, 0)+ IF('U15'!$A$4="1ª", 'U15'!V6*'U15'!V$4, 0) ) /$CB$12 ) /AT$13, "") | AV20: =IF(AV$13>0, ( ( IF('U1'!$A$4="1ª", 'U1'!W6*'U1'!W$4, 0)+ IF('U2'!$A$4="1ª", 'U2'!W6*'U2'!W$4, 0)+ IF('U3'!$A$4="1ª", 'U3'!W6*'U3'!W$4, 0)+ IF('U4'!$A$4="1ª", 'U4'!W6*'U4'!W$4, 0)+ IF('U5'!$A$4="1ª", 'U5'!W6*'U5'!W$4, 0)+ IF('U6'!$A$4="1ª", 'U6'!W6*'U6'!W$4, 0)+ IF('U7'!$A$4="1ª", 'U7'!W6*'U7'!W$4, 0)+ IF('U8'!$A$4="1ª", 'U8'!W6*'U8'!W$4, 0)+ IF('U9'!$A$4="1ª", 'U9'!W6*'U9'!W$4, 0)+ IF('U10'!$A$4="1ª", 'U10'!W6*'U10'!W$4, 0)+ IF('U11'!$A$4="1ª", 'U11'!W6*'U11'!W$4, 0)+ IF('U12'!$A$4="1ª", 'U12'!W6*'U12'!W$4, 0)+ IF('U13'!$A$4="1ª", 'U13'!W6*'U13'!W$4, 0)+ IF('U14'!$A$4="1ª", 'U14'!W6*'U14'!W$4, 0)+ IF('U15'!$A$4="1ª", 'U15'!W6*'U15'!W$4, 0) ) /$CB$12 ) /AV$13, "") -> 0 | AX20: =IF(AX$13>0, ( ( IF('U1'!$A$4="1ª", 'U1'!X6*'U1'!X$4, 0)+ IF('U2'!$A$4="1ª", 'U2'!X6*'U2'!X$4, 0)+ IF('U3'!$A$4="1ª", 'U3'!X6*'U3'!X$4, 0)+ IF('U4'!$A$4="1ª", 'U4'!X6*'U4'!X$4, 0)+ IF('U5'!$A$4="1ª", 'U5'!X6*'U5'!X$4, 0)+ IF('U6'!$A$4="1ª", 'U6'!X6*'U6'!X$4, 0)+ IF('U7'!$A$4="1ª", 'U7'!X6*'U7'!X$4, 0)+ IF('U8'!$A$4="1ª", 'U8'!X6*'U8'!X$4, 0)+ IF('U9'!$A$4="1ª", 'U9'!X6*'U9'!X$4, 0)+ IF('U10'!$A$4="1ª", 'U10'!X6*'U10'!X$4, 0)+ IF('U11'!$A$4="1ª", 'U11'!X6*'U11'!X$4, 0)+ IF('U12'!$A$4="1ª", 'U12'!X6*'U12'!X$4, 0)+ IF('U13'!$A$4="1ª", 'U13'!X6*'U13'!X$4, 0)+ IF('U14'!$A$4="1ª", 'U14'!X6*'U14'!X$4, 0)+ IF('U15'!$A$4="1ª", 'U15'!X6*'U15'!X$4, 0) ) /$CB$12 ) /AX$13, "") | AZ20: =IF(AZ$13>0, ( ( IF('U1'!$A$4="1ª", 'U1'!Y6*'U1'!Y$4, 0)+ IF('U2'!$A$4="1ª", 'U2'!Y6*'U2'!Y$4, 0)+ IF('U3'!$A$4="1ª", 'U3'!Y6*'U3'!Y$4, 0)+ IF('U4'!$A$4="1ª", 'U4'!Y6*'U4'!Y$4, 0)+ IF('U5'!$A$4="1ª", 'U5'!Y6*'U5'!Y$4, 0)+ IF('U6'!$A$4="1ª", 'U6'!Y6*'U6'!Y$4, 0)+ IF('U7'!$A$4="1ª", 'U7'!Y6*'U7'!Y$4, 0)+ IF('U8'!$A$4="1ª", 'U8'!Y6*'U8'!Y$4, 0)+ IF('U9'!$A$4="1ª", 'U9'!Y6*'U9'!Y$4, 0)+ IF('U10'!$A$4="1ª", 'U10'!Y6*'U10'!Y$4, 0)+ IF('U11'!$A$4="1ª", 'U11'!Y6*'U11'!Y$4, 0)+ IF('U12'!$A$4="1ª", 'U12'!Y6*'U12'!Y$4, 0)+ IF('U13'!$A$4="1ª", 'U13'!Y6*'U13'!Y$4, 0)+ IF('U14'!$A$4="1ª", 'U14'!Y6*'U14'!Y$4, 0)+ IF('U15'!$A$4="1ª", 'U15'!Y6*'U15'!Y$4, 0) ) /$CB$12 ) /AZ$13, "") | BB20: =IFERROR(SUM( MAX(BC20,BD20)*BC$13, MAX(BE20,BF20)*BE$13, MAX(BG20,BH20)*BG$13, MAX(BI20,BJ20)*BI$13, MAX(BK20,BL20)*BK$13, MAX(BM20,BN20)*BM$13 )/BB$14,"") -> 0 | BC20: =IF(BC$13>0, ( ( IF('U1'!$A$4="1ª", 'U1'!Z6*'U1'!Z$4, 0)+ IF('U2'!$A$4="1ª", 'U2'!Z6*'U2'!Z$4, 0)+ IF('U3'!$A$4="1ª", 'U3'!Z6*'U3'!Z$4, 0)+ IF('U4'!$A$4="1ª", 'U4'!Z6*'U4'!Z$4, 0)+ IF('U5'!$A$4="1ª", 'U5'!Z6*'U5'!Z$4, 0)+ IF('U6'!$A$4="1ª", 'U6'!Z6*'U6'!Z$4, 0)+ IF('U7'!$A$4="1ª", 'U7'!Z6*'U7'!Z$4, 0)+ IF('U8'!$A$4="1ª", 'U8'!Z6*'U8'!Z$4, 0)+ IF('U9'!$A$4="1ª", 'U9'!Z6*'U9'!Z$4, 0)+ IF('U10'!$A$4="1ª", 'U10'!Z6*'U10'!Z$4, 0)+ IF('U11'!$A$4="1ª", 'U11'!Z6*'U11'!Z$4, 0)+ IF('U12'!$A$4="1ª", 'U12'!Z6*'U12'!Z$4, 0)+ IF('U13'!$A$4="1ª", 'U13'!Z6*'U13'!Z$4, 0)+ IF('U14'!$A$4="1ª", 'U14'!Z6*'U14'!Z$4, 0)+ IF('U15'!$A$4="1ª", 'U15'!Z6*'U15'!Z$4, 0) ) /$CB$12 ) /BC$13, "") | BE20: =IF(BE$13>0, ( ( IF('U1'!$A$4="1ª", 'U1'!AA6*'U1'!AA$4, 0)+ IF('U2'!$A$4="1ª", 'U2'!AA6*'U2'!AA$4, 0)+ IF('U3'!$A$4="1ª", 'U3'!AA6*'U3'!AA$4, 0)+ IF('U4'!$A$4="1ª", 'U4'!AA6*'U4'!AA$4, 0)+ IF('U5'!$A$4="1ª", 'U5'!AA6*'U5'!AA$4, 0)+ IF('U6'!$A$4="1ª", 'U6'!AA6*'U6'!AA$4, 0)+ IF('U7'!$A$4="1ª", 'U7'!AA6*'U7'!AA$4, 0)+ IF('U8'!$A$4="1ª", 'U8'!AA6*'U8'!AA$4, 0)+ IF('U9'!$A$4="1ª", 'U9'!AA6*'U9'!AA$4, 0)+ IF('U10'!$A$4="1ª", 'U10'!AA6*'U10'!AA$4, 0)+ IF('U11'!$A$4="1ª", 'U11'!AA6*'U11'!AA$4, 0)+ IF('U12'!$A$4="1ª", 'U12'!AA6*'U12'!AA$4, 0)+ IF('U13'!$A$4="1ª", 'U13'!AA6*'U13'!AA$4, 0)+ IF('U14'!$A$4="1ª", 'U14'!AA6*'U14'!AA$4, 0)+ IF('U15'!$A$4="1ª", 'U15'!AA6*'U15'!AA$4, 0) ) /$CB$12 ) /BE$13, "") | BG20: =IF(BG$13>0, ( ( IF('U1'!$A$4="1ª", 'U1'!AB6*'U1'!AB$4, 0)+ IF('U2'!$A$4="1ª", 'U2'!AB6*'U2'!AB$4, 0)+ IF('U3'!$A$4="1ª", 'U3'!AB6*'U3'!AB$4, 0)+ IF('U4'!$A$4="1ª", 'U4'!AB6*'U4'!AB$4, 0)+ IF('U5'!$A$4="1ª", 'U5'!AB6*'U5'!AB$4, 0)+ IF('U6'!$A$4="1ª", 'U6'!AB6*'U6'!AB$4, 0)+ IF('U7'!$A$4="1ª", 'U7'!AB6*'U7'!AB$4, 0)+ IF('U8'!$A$4="1ª", 'U8'!AB6*'U8'!AB$4, 0)+ IF('U9'!$A$4="1ª", 'U9'!AB6*'U9'!AB$4, 0)+ IF('U10'!$A$4="1ª", 'U10'!AB6*'U10'!AB$4, 0)+ IF('U11'!$A$4="1ª", 'U11'!AB6*'U11'!AB$4, 0)+ IF('U12'!$A$4="1ª", 'U12'!AB6*'U12'!AB$4, 0)+ IF('U13'!$A$4="1ª", 'U13'!AB6*'U13'!AB$4, 0)+ IF('U14'!$A$4="1ª", 'U14'!AB6*'U14'!AB$4, 0)+ IF('U15'!$A$4="1ª", 'U15'!AB6*'U15'!AB$4, 0) ) /$CB$12 ) /BG$13, "") | BI20: =IF(BI$13>0, ( ( IF('U1'!$A$4="1ª", 'U1'!AC6*'U1'!AC$4, 0)+ IF('U2'!$A$4="1ª", 'U2'!AC6*'U2'!AC$4, 0)+ IF('U3'!$A$4="1ª", 'U3'!AC6*'U3'!AC$4, 0)+ IF('U4'!$A$4="1ª", 'U4'!AC6*'U4'!AC$4, 0)+ IF('U5'!$A$4="1ª", 'U5'!AC6*'U5'!AC$4, 0)+ IF('U6'!$A$4="1ª", 'U6'!AC6*'U6'!AC$4, 0)+ IF('U7'!$A$4="1ª", 'U7'!AC6*'U7'!AC$4, 0)+ IF('U8'!$A$4="1ª", 'U8'!AC6*'U8'!AC$4, 0)+ IF('U9'!$A$4="1ª", 'U9'!AC6*'U9'!AC$4, 0)+ IF('U10'!$A$4="1ª", 'U10'!AC6*'U10'!AC$4, 0)+ IF('U11'!$A$4="1ª", 'U11'!AC6*'U11'!AC$4, 0)+ IF('U12'!$A$4="1ª", 'U12'!AC6*'U12'!AC$4, 0)+ IF('U13'!$A$4="1ª", 'U13'!AC6*'U13'!AC$4, 0)+ IF('U14'!$A$4="1ª", 'U14'!AC6*'U14'!AC$4, 0)+ IF('U15'!$A$4="1ª", 'U15'!AC6*'U15'!AC$4, 0) ) /$CB$12 ) /BI$13, "") -> 0 | BK20: =IF(BK$13>0, ( ( IF('U1'!$A$4="1ª", 'U1'!AD6*'U1'!AD$4, 0)+ IF('U2'!$A$4="1ª", 'U2'!AD6*'U2'!AD$4, 0)+ IF('U3'!$A$4="1ª", 'U3'!AD6*'U3'!AD$4, 0)+ IF('U4'!$A$4="1ª", 'U4'!AD6*'U4'!AD$4, 0)+ IF('U5'!$A$4="1ª", 'U5'!AD6*'U5'!AD$4, 0)+ IF('U6'!$A$4="1ª", 'U6'!AD6*'U6'!AD$4, 0)+ IF('U7'!$A$4="1ª", 'U7'!AD6*'U7'!AD$4, 0)+ IF('U8'!$A$4="1ª", 'U8'!AD6*'U8'!AD$4, 0)+ IF('U9'!$A$4="1ª", 'U9'!AD6*'U9'!AD$4, 0)+ IF('U10'!$A$4="1ª", 'U10'!AD6*'U10'!AD$4, 0)+ IF('U11'!$A$4="1ª", 'U11'!AD6*'U11'!AD$4, 0)+ IF('U12'!$A$4="1ª", 'U12'!AD6*'U12'!AD$4, 0)+ IF('U13'!$A$4="1ª", 'U13'!AD6*'U13'!AD$4, 0)+ IF('U14'!$A$4="1ª", 'U14'!AD6*'U14'!AD$4, 0)+ IF('U15'!$A$4="1ª", 'U15'!AD6*'U15'!AD$4, 0) ) /$CB$12 ) /BK$13, "") | BM20: =IF(BM$13>0, ( ( IF('U1'!$A$4="1ª", 'U1'!AE6*'U1'!AE$4, 0)+ IF('U2'!$A$4="1ª", 'U2'!AE6*'U2'!AE$4, 0)+ IF('U3'!$A$4="1ª", 'U3'!AE6*'U3'!AE$4, 0)+ IF('U4'!$A$4="1ª", 'U4'!AE6*'U4'!AE$4, 0)+ IF('U5'!$A$4="1ª", 'U5'!AE6*'U5'!AE$4, 0)+ IF('U6'!$A$4="1ª", 'U6'!AE6*'U6'!AE$4, 0)+ IF('U7'!$A$4="1ª", 'U7'!AE6*'U7'!AE$4, 0)+ IF('U8'!$A$4="1ª", 'U8'!AE6*'U8'!AE$4, 0)+ IF('U9'!$A$4="1ª", 'U9'!AE6*'U9'!AE$4, 0)+ IF('U10'!$A$4="1ª", 'U10'!AE6*'U10'!AE$4, 0)+ IF('U11'!$A$4="1ª", 'U11'!AE6*'U11'!AE$4, 0)+ IF('U12'!$A$4="1ª", 'U12'!AE6*'U12'!AE$4, 0)+ IF('U13'!$A$4="1ª", 'U13'!AE6*'U13'!AE$4, 0)+ IF('U14'!$A$4="1ª", 'U14'!AE6*'U14'!AE$4, 0)+ IF('U15'!$A$4="1ª", 'U15'!AE6*'U15'!AE$4, 0) ) /$CB$12 ) /BM$13, "") | BO20: =IFERROR(SUM( MAX(BP20,BQ20)*BP$13, MAX(BR20,BS20)*BR$13, MAX(BT20,BU20)*BT$13, MAX(BV20,BW20)*BV$13, MAX(BX20,BY20)*BX$13, MAX(BZ20,CA20)*BZ$13 )/BO$14,"") | BP20: =IF(BP$13>0, ( ( IF('U1'!$A$4="1ª", 'U1'!AF6*'U1'!AF$4, 0)+ IF('U2'!$A$4="1ª", 'U2'!AF6*'U2'!AF$4, 0)+ IF('U3'!$A$4="1ª", 'U3'!AF6*'U3'!AF$4, 0)+ IF('U4'!$A$4="1ª", 'U4'!AF6*'U4'!AF$4, 0)+ IF('U5'!$A$4="1ª", 'U5'!AF6*'U5'!AF$4, 0)+ IF('U6'!$A$4="1ª", 'U6'!AF6*'U6'!AF$4, 0)+ IF('U7'!$A$4="1ª", 'U7'!AF6*'U7'!AF$4, 0)+ IF('U8'!$A$4="1ª", 'U8'!AF6*'U8'!AF$4, 0)+ IF('U9'!$A$4="1ª", 'U9'!AF6*'U9'!AF$4, 0)+ IF('U10'!$A$4="1ª", 'U10'!AF6*'U10'!AF$4, 0)+ IF('U11'!$A$4="1ª", 'U11'!AF6*'U11'!AF$4, 0)+ IF('U12'!$A$4="1ª", 'U12'!AF6*'U12'!AF$4, 0)+ IF('U13'!$A$4="1ª", 'U13'!AF6*'U13'!AF$4, 0)+ IF('U14'!$A$4="1ª", 'U14'!AF6*'U14'!AF$4, 0)+ IF('U15'!$A$4="1ª", 'U15'!AF6*'U15'!AF$4, 0) ) /$CB$12 ) /BP$13, "") | BR20: =IF(BR$13>0, ( ( IF('U1'!$A$4="1ª", 'U1'!AG6*'U1'!AG$4, 0)+ IF('U2'!$A$4="1ª", 'U2'!AG6*'U2'!AG$4, 0)+ IF('U3'!$A$4="1ª", 'U3'!AG6*'U3'!AG$4, 0)+ IF('U4'!$A$4="1ª", 'U4'!AG6*'U4'!AG$4, 0)+ IF('U5'!$A$4="1ª", 'U5'!AG6*'U5'!AG$4, 0)+ IF('U6'!$A$4="1ª", 'U6'!AG6*'U6'!AG$4, 0)+ IF('U7'!$A$4="1ª", 'U7'!AG6*'U7'!AG$4, 0)+ IF('U8'!$A$4="1ª", 'U8'!AG6*'U8'!AG$4, 0)+ IF('U9'!$A$4="1ª", 'U9'!AG6*'U9'!AG$4, 0)+ IF('U10'!$A$4="1ª", 'U10'!AG6*'U10'!AG$4, 0)+ IF('U11'!$A$4="1ª", 'U11'!AG6*'U11'!AG$4, 0)+ IF('U12'!$A$4="1ª", 'U12'!AG6*'U12'!AG$4, 0)+ IF('U13'!$A$4="1ª", 'U13'!AG6*'U13'!AG$4, 0)+ IF('U14'!$A$4="1ª", 'U14'!AG6*'U14'!AG$4, 0)+ IF('U15'!$A$4="1ª", 'U15'!AG6*'U15'!AG$4, 0) ) /$CB$12 ) /BR$13, "") | BT20: =IF(BT$13>0, ( ( IF('U1'!$A$4="1ª", 'U1'!AH6*'U1'!AH$4, 0)+ IF('U2'!$A$4="1ª", 'U2'!AH6*'U2'!AH$4, 0)+ IF('U3'!$A$4="1ª", 'U3'!AH6*'U3'!AH$4, 0)+ IF('U4'!$A$4="1ª", 'U4'!AH6*'U4'!AH$4, 0)+ IF('U5'!$A$4="1ª", 'U5'!AH6*'U5'!AH$4, 0)+ IF('U6'!$A$4="1ª", 'U6'!AH6*'U6'!AH$4, 0)+ IF('U7'!$A$4="1ª", 'U7'!AH6*'U7'!AH$4, 0)+ IF('U8'!$A$4="1ª", 'U8'!AH6*'U8'!AH$4, 0)+ IF('U9'!$A$4="1ª", 'U9'!AH6*'U9'!AH$4, 0)+ IF('U10'!$A$4="1ª", 'U10'!AH6*'U10'!AH$4, 0)+ IF('U11'!$A$4="1ª", 'U11'!AH6*'U11'!AH$4, 0)+ IF('U12'!$A$4="1ª", 'U12'!AH6*'U12'!AH$4, 0)+ IF('U13'!$A$4="1ª", 'U13'!AH6*'U13'!AH$4, 0)+ IF('U14'!$A$4="1ª", 'U14'!AH6*'U14'!AH$4, 0)+ IF('U15'!$A$4="1ª", 'U15'!AH6*'U15'!AH$4, 0) ) /$CB$12 ) /BT$13, "") | BV20: =IF(BT$13>0, ( ( IF('U1'!$A$4="1ª", 'U1'!AH6*'U1'!AH$4, 0)+ IF('U2'!$A$4="1ª", 'U2'!AH6*'U2'!AH$4, 0)+ IF('U3'!$A$4="1ª", 'U3'!AH6*'U3'!AH$4, 0)+ IF('U4'!$A$4="1ª", 'U4'!AH6*'U4'!AH$4, 0)+ IF('U5'!$A$4="1ª", 'U5'!AH6*'U5'!AH$4, 0)+ IF('U6'!$A$4="1ª", 'U6'!AH6*'U6'!AH$4, 0)+ IF('U7'!$A$4="1ª", 'U7'!AH6*'U7'!AH$4, 0)+ IF('U8'!$A$4="1ª", 'U8'!AH6*'U8'!AH$4, 0)+ IF('U9'!$A$4="1ª", 'U9'!AH6*'U9'!AH$4, 0)+ IF('U10'!$A$4="1ª", 'U10'!AH6*'U10'!AH$4, 0)+ IF('U11'!$A$4="1ª", 'U11'!AH6*'U11'!AH$4, 0)+ IF('U12'!$A$4="1ª", 'U12'!AH6*'U12'!AH$4, 0)+ IF('U13'!$A$4="1ª", 'U13'!AH6*'U13'!AH$4, 0)+ IF('U14'!$A$4="1ª", 'U14'!AH6*'U14'!AH$4, 0)+ IF('U15'!$A$4="1ª", 'U15'!AH6*'U15'!AH$4, 0) ) /$CB$12 ) /BT$13, "") | BX20: =IF(BV$13>0, ( ( IF('U1'!$A$4="1ª", 'U1'!AI6*'U1'!AI$4, 0)+ IF('U2'!$A$4="1ª", 'U2'!AI6*'U2'!AI$4, 0)+ IF('U3'!$A$4="1ª", 'U3'!AI6*'U3'!AI$4, 0)+ IF('U4'!$A$4="1ª", 'U4'!AI6*'U4'!AI$4, 0)+ IF('U5'!$A$4="1ª", 'U5'!AI6*'U5'!AI$4, 0)+ IF('U6'!$A$4="1ª", 'U6'!AI6*'U6'!AI$4, 0)+ IF('U7'!$A$4="1ª", 'U7'!AI6*'U7'!AI$4, 0)+ IF('U8'!$A$4="1ª", 'U8'!AI6*'U8'!AI$4, 0)+ IF('U9'!$A$4="1ª", 'U9'!AI6*'U9'!AI$4, 0)+ IF('U10'!$A$4="1ª", 'U10'!AI6*'U10'!AI$4, 0)+ IF('U11'!$A$4="1ª", 'U11'!AI6*'U11'!AI$4, 0)+ IF('U12'!$A$4="1ª", 'U12'!AI6*'U12'!AI$4, 0)+ IF('U13'!$A$4="1ª", 'U13'!AI6*'U13'!AI$4, 0)+ IF('U14'!$A$4="1ª", 'U14'!AI6*'U14'!AI$4, 0)+ IF('U15'!$A$4="1ª", 'U15'!AI6*'U15'!AI$4, 0) ) /$CB$12 ) /BV$13, "") | BZ20: =IF(BZ$13>0, ( ( IF('U1'!$A$4="1ª", 'U1'!AK6*'U1'!AK$4, 0)+ IF('U2'!$A$4="1ª", 'U2'!AK6*'U2'!AK$4, 0)+ IF('U3'!$A$4="1ª", 'U3'!AK6*'U3'!AK$4, 0)+ IF('U4'!$A$4="1ª", 'U4'!AK6*'U4'!AK$4, 0)+ IF('U5'!$A$4="1ª", 'U5'!AK6*'U5'!AK$4, 0)+ IF('U6'!$A$4="1ª", 'U6'!AK6*'U6'!AK$4, 0)+ IF('U7'!$A$4="1ª", 'U7'!AK6*'U7'!AK$4, 0)+ IF('U8'!$A$4="1ª", 'U8'!AK6*'U8'!AK$4, 0)+ IF('U9'!$A$4="1ª", 'U9'!AK6*'U9'!AK$4, 0)+ IF('U10'!$A$4="1ª", 'U10'!AK6*'U10'!AK$4, 0)+ IF('U11'!$A$4="1ª", 'U11'!AK6*'U11'!AK$4, 0)+ IF('U12'!$A$4="1ª", 'U12'!AK6*'U12'!AK$4, 0)+ IF('U13'!$A$4="1ª", 'U13'!AK6*'U13'!AK$4, 0)+ IF('U14'!$A$4="1ª", 'U14'!AK6*'U14'!AK$4, 0)+ IF('U15'!$A$4="1ª", 'U15'!AK6*'U15'!AK$4, 0) ) /$CB$12 ) /BZ$13, "") | CB20: =MAX(P20,Q20)*$P$13 +MAX(R20,S20)*$R$13 +MAX(T20,U20)*$T$13 +MAX(V20,W20)*$V$13 +MAX(X20,Y20)*$X$13 +MAX(Z20,AA20)*$Z$13+MAX(C20,D20)*$C$13 +MAX(E20,F20)*$E$13 +MAX(G20,H20)*$G$13 +MAX(I20,J20)*$I$13 +MAX(K20,L20)*$K$13 +MAX(M20,N20)*$M$13+MAX(AC20,AD20)*$AC$13 +MAX(AE20,AF20)*$AE$13 +MAX(AG20,AH20)*$AG$13 +MAX(AI20,AJ20)*$AI$13 +MAX(AK20,AL20)*$AK$13 +MAX(AM20,AN20)*$AM$13+MAX(AP20,AQ20)*$AP$13 +MAX(AR20,AS20)*$AR$13 +MAX(AT20,AU20)*$AT$13 +MAX(AV20,AW20)*$AV$13 +MAX(AX20,AY20)*$AX$13 +MAX(AZ20,BA20)*$AZ$13+MAX(BC20,BD20)*$BC$13 +MAX(BE20,BF20)*$BE$13 +MAX(BG20,BH20)*$BG$13 +MAX(BI20,BJ20)*$BI$13 +MAX(BK20,BL20)*$BK$13 +MAX(BM20,BN20)*$BM$13+MAX(BP20,BQ20)*$BP$13 +MAX(BR20,BS20)*$BR$13 +MAX(BT20,BU20)*$BT$13 +MAX(BV20,BW20)*$BV$13 +MAX(BX20,BY20)*$BX$13 +MAX(BZ20,CA20)*$BZ$13 -> 0 | CC20: =B20*$B$14+O20*$O$14+AB20*$AB$14+AO20*$AO$14+BB20*$BB$14 -> 0
A21: Sanchez Laura | B21: =IFERROR(SUM( MAX(C21,D21)*C$13, MAX(E21,F21)*E$13, MAX(G21,H21)*G$13, MAX(I21,J21)*I$13, MAX(K21,L21)*K$13, MAX(M21,N21)*M$13 )/B$14,"") -> 0 | C21: =IF(C$13>0, ( ( IF('U1'!$A$4="1ª", 'U1'!B7*'U1'!B$4, 0) + IF('U2'!$A$4="1ª", 'U2'!B7*'U2'!B$4, 0) + IF('U3'!$A$4="1ª", 'U3'!B7*'U3'!B$4, 0) + IF('U4'!$A$4="1ª", 'U4'!B7*'U4'!B$4, 0) + IF('U5'!$A$4="1ª", 'U5'!B7*'U5'!B$4, 0) + IF('U6'!$A$4="1ª", 'U6'!B7*'U6'!B$4, 0) + IF('U7'!$A$4="1ª", 'U7'!B7*'U7'!B$4, 0) + IF('U8'!$A$4="1ª", 'U8'!B7*'U8'!B$4, 0) + IF('U9'!$A$4="1ª", 'U9'!B7*'U9'!B$4, 0) + IF('U10'!$A$4="1ª", 'U10'!B7*'U10'!B$4, 0) + IF('U11'!$A$4="1ª", 'U11'!B7*'U11'!B$4, 0) + IF('U12'!$A$4="1ª", 'U12'!B7*'U12'!B$4, 0) + IF('U13'!$A$4="1ª", 'U13'!B7*'U13'!B$4, 0) + IF('U14'!$A$4="1ª", 'U14'!B7*'U14'!B$4, 0) + IF('U15'!$A$4="1ª", 'U15'!B7*'U15'!B$4, 0) ) /$CB$12 ) /C$13, "") -> 0 | E21: =IF(E$13>0, ( ( IF('U1'!$A$4="1ª", 'U1'!C7*'U1'!C$4, 0) + IF('U2'!$A$4="1ª", 'U2'!C7*'U2'!C$4, 0) + IF('U3'!$A$4="1ª", 'U3'!C7*'U3'!C$4, 0) + IF('U4'!$A$4="1ª", 'U4'!C7*'U4'!C$4, 0) + IF('U5'!$A$4="1ª", 'U5'!C7*'U5'!C$4, 0) + IF('U6'!$A$4="1ª", 'U6'!C7*'U6'!C$4, 0) + IF('U7'!$A$4="1ª", 'U7'!C7*'U7'!C$4, 0) + IF('U8'!$A$4="1ª", 'U8'!C7*'U8'!C$4, 0) + IF('U9'!$A$4="1ª", 'U9'!C7*'U9'!C$4, 0) + IF('U10'!$A$4="1ª", 'U10'!C7*'U10'!C$4, 0) + IF('U11'!$A$4="1ª", 'U11'!C7*'U11'!C$4, 0) + IF('U12'!$A$4="1ª", 'U12'!C7*'U12'!C$4, 0) + IF('U13'!$A$4="1ª", 'U13'!C7*'U13'!C$4, 0) + IF('U14'!$A$4="1ª", 'U14'!C7*'U14'!C$4, 0) + IF('U15'!$A$4="1ª", 'U15'!C7*'U15'!C$4, 0) ) /$CB$12 ) /E$13, "") -> 0 | G21: =IF(G$13>0, ( ( IF('U1'!$A$4="1ª", 'U1'!D7*'U1'!D$4, 0) + IF('U2'!$A$4="1ª", 'U2'!D7*'U2'!D$4, 0) + IF('U3'!$A$4="1ª", 'U3'!D7*'U3'!D$4, 0) + IF('U4'!$A$4="1ª", 'U4'!D7*'U4'!D$4, 0) + IF('U5'!$A$4="1ª", 'U5'!D7*'U5'!D$4, 0) + IF('U6'!$A$4="1ª", 'U6'!D7*'U6'!D$4, 0) + IF('U7'!$A$4="1ª", 'U7'!D7*'U7'!D$4, 0) + IF('U8'!$A$4="1ª", 'U8'!D7*'U8'!D$4, 0) + IF('U9'!$A$4="1ª", 'U9'!D7*'U9'!D$4, 0) + IF('U10'!$A$4="1ª", 'U10'!D7*'U10'!D$4, 0) + IF('U11'!$A$4="1ª", 'U11'!D7*'U11'!D$4, 0) + IF('U12'!$A$4="1ª", 'U12'!D7*'U12'!D$4, 0) + IF('U13'!$A$4="1ª", 'U13'!D7*'U13'!D$4, 0) + IF('U14'!$A$4="1ª", 'U14'!D7*'U14'!D$4, 0) + IF('U15'!$A$4="1ª", 'U15'!D7*'U15'!D$4, 0) ) /$CB$12 ) /G$13, "") -> 0 | I21: =IF(I$13>0, ( ( IF('U1'!$A$4="1ª", 'U1'!E7*'U1'!E$4, 0) + IF('U2'!$A$4="1ª", 'U2'!E7*'U2'!E$4, 0) + IF('U3'!$A$4="1ª", 'U3'!E7*'U3'!E$4, 0) + IF('U4'!$A$4="1ª", 'U4'!E7*'U4'!E$4, 0) + IF('U5'!$A$4="1ª", 'U5'!E7*'U5'!E$4, 0) + IF('U6'!$A$4="1ª", 'U6'!E7*'U6'!E$4, 0) + IF('U7'!$A$4="1ª", 'U7'!E7*'U7'!E$4, 0) + IF('U8'!$A$4="1ª", 'U8'!E7*'U8'!E$4, 0) + IF('U9'!$A$4="1ª", 'U9'!E7*'U9'!E$4, 0) + IF('U10'!$A$4="1ª", 'U10'!E7*'U10'!E$4, 0) + IF('U11'!$A$4="1ª", 'U11'!E7*'U11'!E$4, 0) + IF('U12'!$A$4="1ª", 'U12'!E7*'U12'!E$4, 0) + IF('U13'!$A$4="1ª", 'U13'!E7*'U13'!E$4, 0) + IF('U14'!$A$4="1ª", 'U14'!E7*'U14'!E$4, 0) + IF('U15'!$A$4="1ª", 'U15'!E7*'U15'!E$4, 0) ) /$CB$12 ) /I$13, "") -> 0 | K21: =IF(K$13>0, ( ( IF('U1'!$A$4="1ª", 'U1'!F7*'U1'!F$4, 0) + IF('U2'!$A$4="1ª", 'U2'!F7*'U2'!F$4, 0) + IF('U3'!$A$4="1ª", 'U3'!F7*'U3'!F$4, 0) + IF('U4'!$A$4="1ª", 'U4'!F7*'U4'!F$4, 0) + IF('U5'!$A$4="1ª", 'U5'!F7*'U5'!F$4, 0) + IF('U6'!$A$4="1ª", 'U6'!F7*'U6'!F$4, 0) + IF('U7'!$A$4="1ª", 'U7'!F7*'U7'!F$4, 0) + IF('U8'!$A$4="1ª", 'U8'!F7*'U8'!F$4, 0) + IF('U9'!$A$4="1ª", 'U9'!F7*'U9'!F$4, 0) + IF('U10'!$A$4="1ª", 'U10'!F7*'U10'!F$4, 0) + IF('U11'!$A$4="1ª", 'U11'!F7*'U11'!F$4, 0) + IF('U12'!$A$4="1ª", 'U12'!F7*'U12'!F$4, 0) + IF('U13'!$A$4="1ª", 'U13'!F7*'U13'!F$4, 0) + IF('U14'!$A$4="1ª", 'U14'!F7*'U14'!F$4, 0) + IF('U15'!$A$4="1ª", 'U15'!F7*'U15'!F$4, 0) ) /$CB$12 ) /K$13, "") -> 0 | M21: =IF(M$13>0, ( ( IF('U1'!$A$4="1ª", 'U1'!G7*'U1'!G$4, 0) + IF('U2'!$A$4="1ª", 'U2'!G7*'U2'!G$4, 0) + IF('U3'!$A$4="1ª", 'U3'!G7*'U3'!G$4, 0) + IF('U4'!$A$4="1ª", 'U4'!G7*'U4'!G$4, 0) + IF('U5'!$A$4="1ª", 'U5'!G7*'U5'!G$4, 0) + IF('U6'!$A$4="1ª", 'U6'!G7*'U6'!G$4, 0) + IF('U7'!$A$4="1ª", 'U7'!G7*'U7'!G$4, 0) + IF('U8'!$A$4="1ª", 'U8'!G7*'U8'!G$4, 0) + IF('U9'!$A$4="1ª", 'U9'!G7*'U9'!G$4, 0) + IF('U10'!$A$4="1ª", 'U10'!G7*'U10'!G$4, 0) + IF('U11'!$A$4="1ª", 'U11'!G7*'U11'!G$4, 0) + IF('U12'!$A$4="1ª", 'U12'!G7*'U12'!G$4, 0) + IF('U13'!$A$4="1ª", 'U13'!G7*'U13'!G$4, 0) + IF('U14'!$A$4="1ª", 'U14'!G7*'U14'!G$4, 0) + IF('U15'!$A$4="1ª", 'U15'!G7*'U15'!G$4, 0) ) /$CB$12 ) /M$13, "") | O21: =IFERROR(SUM( MAX(P21,Q21)*P$13, MAX(R21,S21)*R$13, MAX(T21,U21)*T$13, MAX(V21,W21)*V$13, MAX(X21,Y21)*X$13, MAX(Z21,AA21)*Z$13 )/O$14,"") -> 0 | P21: =IF(P$13>0, ( ( IF('U1'!$A$4="1ª", 'U1'!H7*'U1'!H$4, 0) + IF('U2'!$A$4="1ª", 'U2'!H7*'U2'!H$4, 0) + IF('U3'!$A$4="1ª", 'U3'!H7*'U3'!H$4, 0) + IF('U4'!$A$4="1ª", 'U4'!H7*'U4'!H$4, 0) + IF('U5'!$A$4="1ª", 'U5'!H7*'U5'!H$4, 0) + IF('U6'!$A$4="1ª", 'U6'!H7*'U6'!H$4, 0) + IF('U7'!$A$4="1ª", 'U7'!H7*'U7'!H$4, 0) + IF('U8'!$A$4="1ª", 'U8'!H7*'U8'!H$4, 0) + IF('U9'!$A$4="1ª", 'U9'!H7*'U9'!H$4, 0) + IF('U10'!$A$4="1ª", 'U10'!H7*'U10'!H$4, 0) + IF('U11'!$A$4="1ª", 'U11'!H7*'U11'!H$4, 0) + IF('U12'!$A$4="1ª", 'U12'!H7*'U12'!H$4, 0) + IF('U13'!$A$4="1ª", 'U13'!H7*'U13'!H$4, 0) + IF('U14'!$A$4="1ª", 'U14'!H7*'U14'!H$4, 0) + IF('U15'!$A$4="1ª", 'U15'!H7*'U15'!H$4, 0) ) /$CB$12 ) /P$13, "") -> 0 | R21: =IF(R$13>0, ( ( IF('U1'!$A$4="1ª", 'U1'!I7*'U1'!I$4, 0) + IF('U2'!$A$4="1ª", 'U2'!I7*'U2'!I$4, 0) + IF('U3'!$A$4="1ª", 'U3'!I7*'U3'!I$4, 0) + IF('U4'!$A$4="1ª", 'U4'!I7*'U4'!I$4, 0) + IF('U5'!$A$4="1ª", 'U5'!I7*'U5'!I$4, 0) + IF('U6'!$A$4="1ª", 'U6'!I7*'U6'!I$4, 0) + IF('U7'!$A$4="1ª", 'U7'!I7*'U7'!I$4, 0) + IF('U8'!$A$4="1ª", 'U8'!I7*'U8'!I$4, 0) + IF('U9'!$A$4="1ª", 'U9'!I7*'U9'!I$4, 0) + IF('U10'!$A$4="1ª", 'U10'!I7*'U10'!I$4, 0) + IF('U11'!$A$4="1ª", 'U11'!I7*'U11'!I$4, 0) + IF('U12'!$A$4="1ª", 'U12'!I7*'U12'!I$4, 0) + IF('U13'!$A$4="1ª", 'U13'!I7*'U13'!I$4, 0) + IF('U14'!$A$4="1ª", 'U14'!I7*'U14'!I$4, 0) + IF('U15'!$A$4="1ª", 'U15'!I7*'U15'!I$4, 0) ) /$CB$12 ) /R$13, "") -> 0 | T21: =IF(T$13>0, ( ( IF('U1'!$A$4="1ª", 'U1'!J7*'U1'!J$4, 0) + IF('U2'!$A$4="1ª", 'U2'!J7*'U2'!J$4, 0) + IF('U3'!$A$4="1ª", 'U3'!J7*'U3'!J$4, 0) + IF('U4'!$A$4="1ª", 'U4'!J7*'U4'!J$4, 0) + IF('U5'!$A$4="1ª", 'U5'!J7*'U5'!J$4, 0) + IF('U6'!$A$4="1ª", 'U6'!J7*'U6'!J$4, 0) + IF('U7'!$A$4="1ª", 'U7'!J7*'U7'!J$4, 0) + IF('U8'!$A$4="1ª", 'U8'!J7*'U8'!J$4, 0) + IF('U9'!$A$4="1ª", 'U9'!J7*'U9'!J$4, 0) + IF('U10'!$A$4="1ª", 'U10'!J7*'U10'!J$4, 0) + IF('U11'!$A$4="1ª", 'U11'!J7*'U11'!J$4, 0) + IF('U12'!$A$4="1ª", 'U12'!J7*'U12'!J$4, 0) + IF('U13'!$A$4="1ª", 'U13'!J7*'U13'!J$4, 0) + IF('U14'!$A$4="1ª", 'U14'!J7*'U14'!J$4, 0) + IF('U15'!$A$4="1ª", 'U15'!J7*'U15'!J$4, 0) ) /$CB$12 ) /T$13, "") -> 0 | V21: =IF(V$13>0, ( ( IF('U1'!$A$4="1ª", 'U1'!K7*'U1'!K$4, 0) + IF('U2'!$A$4="1ª", 'U2'!K7*'U2'!K$4, 0) + IF('U3'!$A$4="1ª", 'U3'!K7*'U3'!K$4, 0) + IF('U4'!$A$4="1ª", 'U4'!K7*'U4'!K$4, 0) + IF('U5'!$A$4="1ª", 'U5'!K7*'U5'!K$4, 0) + IF('U6'!$A$4="1ª", 'U6'!K7*'U6'!K$4, 0) + IF('U7'!$A$4="1ª", 'U7'!K7*'U7'!K$4, 0) + IF('U8'!$A$4="1ª", 'U8'!K7*'U8'!K$4, 0) + IF('U9'!$A$4="1ª", 'U9'!K7*'U9'!K$4, 0) + IF('U10'!$A$4="1ª", 'U10'!K7*'U10'!K$4, 0) + IF('U11'!$A$4="1ª", 'U11'!K7*'U11'!K$4, 0) + IF('U12'!$A$4="1ª", 'U12'!K7*'U12'!K$4, 0) + IF('U13'!$A$4="1ª", 'U13'!K7*'U13'!K$4, 0) + IF('U14'!$A$4="1ª", 'U14'!K7*'U14'!K$4, 0) + IF('U15'!$A$4="1ª", 'U15'!K7*'U15'!K$4, 0) ) /$CB$12 ) /V$13, "") -> 0 | X21: =IF(X$13>0, ( ( IF('U1'!$A$4="1ª", 'U1'!L7*'U1'!L$4, 0) + IF('U2'!$A$4="1ª", 'U2'!L7*'U2'!L$4, 0) + IF('U3'!$A$4="1ª", 'U3'!L7*'U3'!L$4, 0) + IF('U4'!$A$4="1ª", 'U4'!L7*'U4'!L$4, 0) + IF('U5'!$A$4="1ª", 'U5'!L7*'U5'!L$4, 0) + IF('U6'!$A$4="1ª", 'U6'!L7*'U6'!L$4, 0) + IF('U7'!$A$4="1ª", 'U7'!L7*'U7'!L$4, 0) + IF('U8'!$A$4="1ª", 'U8'!L7*'U8'!L$4, 0) + IF('U9'!$A$4="1ª", 'U9'!L7*'U9'!L$4, 0) + IF('U10'!$A$4="1ª", 'U10'!L7*'U10'!L$4, 0) + IF('U11'!$A$4="1ª", 'U11'!L7*'U11'!L$4, 0) + IF('U12'!$A$4="1ª", 'U12'!L7*'U12'!L$4, 0) + IF('U13'!$A$4="1ª", 'U13'!L7*'U13'!L$4, 0) + IF('U14'!$A$4="1ª", 'U14'!L7*'U14'!L$4, 0) + IF('U15'!$A$4="1ª", 'U15'!L7*'U15'!L$4, 0) ) /$CB$12 ) /X$13, "") | Z21: =IF(Z$13>0, ( ( IF('U1'!$A$4="1ª", 'U1'!M7*'U1'!M$4, 0) + IF('U2'!$A$4="1ª", 'U2'!M7*'U2'!M$4, 0) + IF('U3'!$A$4="1ª", 'U3'!M7*'U3'!M$4, 0) + IF('U4'!$A$4="1ª", 'U4'!M7*'U4'!M$4, 0) + IF('U5'!$A$4="1ª", 'U5'!M7*'U5'!M$4, 0) + IF('U6'!$A$4="1ª", 'U6'!M7*'U6'!M$4, 0) + IF('U7'!$A$4="1ª", 'U7'!M7*'U7'!M$4, 0) + IF('U8'!$A$4="1ª", 'U8'!M7*'U8'!M$4, 0) + IF('U9'!$A$4="1ª", 'U9'!M7*'U9'!M$4, 0) + IF('U10'!$A$4="1ª", 'U10'!M7*'U10'!M$4, 0) + IF('U11'!$A$4="1ª", 'U11'!M7*'U11'!M$4, 0) + IF('U12'!$A$4="1ª", 'U12'!M7*'U12'!M$4, 0) + IF('U13'!$A$4="1ª", 'U13'!M7*'U13'!M$4, 0) + IF('U14'!$A$4="1ª", 'U14'!M7*'U14'!M$4, 0) + IF('U15'!$A$4="1ª", 'U15'!M7*'U15'!M$4, 0) ) /$CB$12 ) /Z$13, "") | AB21: =IFERROR(SUM( MAX(AC21,AD21)*AC$13, MAX(AE21,AF21)*AE$13, MAX(AG21,AH21)*AG$13, MAX(AI21,AJ21)*AI$13, MAX(AK21,AL21)*AK$13, MAX(AM21,AN21)*AM$13 )/AB$14,"") -> 0 | AC21: =IF(AC$13>0, ( ( IF('U1'!$A$4="1ª", 'U1'!N7*'U1'!N$4, 0) + IF('U2'!$A$4="1ª", 'U2'!N7*'U2'!N$4, 0) + IF('U3'!$A$4="1ª", 'U3'!N7*'U3'!N$4, 0) + IF('U4'!$A$4="1ª", 'U4'!N7*'U4'!N$4, 0) + IF('U5'!$A$4="1ª", 'U5'!N7*'U5'!N$4, 0) + IF('U6'!$A$4="1ª", 'U6'!N7*'U6'!N$4, 0) + IF('U7'!$A$4="1ª", 'U7'!N7*'U7'!N$4, 0) + IF('U8'!$A$4="1ª", 'U8'!N7*'U8'!N$4, 0) + IF('U9'!$A$4="1ª", 'U9'!N7*'U9'!N$4, 0) + IF('U10'!$A$4="1ª", 'U10'!N7*'U10'!N$4, 0) + IF('U11'!$A$4="1ª", 'U11'!N7*'U11'!N$4, 0) + IF('U12'!$A$4="1ª", 'U12'!N7*'U12'!N$4, 0) + IF('U13'!$A$4="1ª", 'U13'!N7*'U13'!N$4, 0) + IF('U14'!$A$4="1ª", 'U14'!N7*'U14'!N$4, 0) + IF('U15'!$A$4="1ª", 'U15'!N7*'U15'!N$4, 0) ) /$CB$12 ) /AC$13, "") | AE21: =IF(AE$13>0, ( ( IF('U1'!$A$4="1ª", 'U1'!O7*'U1'!O$4, 0)+ IF('U2'!$A$4="1ª", 'U2'!O7*'U2'!O$4, 0)+ IF('U3'!$A$4="1ª", 'U3'!O7*'U3'!O$4, 0)+ IF('U4'!$A$4="1ª", 'U4'!O7*'U4'!O$4, 0)+ IF('U5'!$A$4="1ª", 'U5'!O7*'U5'!O$4, 0)+ IF('U6'!$A$4="1ª", 'U6'!O7*'U6'!O$4, 0)+ IF('U7'!$A$4="1ª", 'U7'!O7*'U7'!O$4, 0)+ IF('U8'!$A$4="1ª", 'U8'!O7*'U8'!O$4, 0)+ IF('U9'!$A$4="1ª", 'U9'!O7*'U9'!O$4, 0)+ IF('U10'!$A$4="1ª", 'U10'!O7*'U10'!O$4, 0)+ IF('U11'!$A$4="1ª", 'U11'!O7*'U11'!O$4, 0)+ IF('U12'!$A$4="1ª", 'U12'!O7*'U12'!O$4, 0)+ IF('U13'!$A$4="1ª", 'U13'!O7*'U13'!O$4, 0)+ IF('U14'!$A$4="1ª", 'U14'!O7*'U14'!O$4, 0)+ IF('U15'!$A$4="1ª", 'U15'!O7*'U15'!O$4, 0) ) /$CB$12 ) /AE$13, "") | AG21: =IF(AG$13>0, ( ( IF('U1'!$A$4="1ª", 'U1'!P7*'U1'!P$4, 0)+ IF('U2'!$A$4="1ª", 'U2'!P7*'U2'!P$4, 0)+ IF('U3'!$A$4="1ª", 'U3'!P7*'U3'!P$4, 0)+ IF('U4'!$A$4="1ª", 'U4'!P7*'U4'!P$4, 0)+ IF('U5'!$A$4="1ª", 'U5'!P7*'U5'!P$4, 0)+ IF('U6'!$A$4="1ª", 'U6'!P7*'U6'!P$4, 0)+ IF('U7'!$A$4="1ª", 'U7'!P7*'U7'!P$4, 0)+ IF('U8'!$A$4="1ª", 'U8'!P7*'U8'!P$4, 0)+ IF('U9'!$A$4="1ª", 'U9'!P7*'U9'!P$4, 0)+ IF('U10'!$A$4="1ª", 'U10'!P7*'U10'!P$4, 0)+ IF('U11'!$A$4="1ª", 'U11'!P7*'U11'!P$4, 0)+ IF('U12'!$A$4="1ª", 'U12'!P7*'U12'!P$4, 0)+ IF('U13'!$A$4="1ª", 'U13'!P7*'U13'!P$4, 0)+ IF('U14'!$A$4="1ª", 'U14'!P7*'U14'!P$4, 0)+ IF('U15'!$A$4="1ª", 'U15'!P7*'U15'!P$4, 0) ) /$CB$12 ) /AG$13, "") | AI21: =IF(AI$13>0, ( ( IF('U1'!$A$4="1ª", 'U1'!Q7*'U1'!Q$4, 0)+ IF('U2'!$A$4="1ª", 'U2'!Q7*'U2'!Q$4, 0)+ IF('U3'!$A$4="1ª", 'U3'!Q7*'U3'!Q$4, 0)+ IF('U4'!$A$4="1ª", 'U4'!Q7*'U4'!Q$4, 0)+ IF('U5'!$A$4="1ª", 'U5'!Q7*'U5'!Q$4, 0)+ IF('U6'!$A$4="1ª", 'U6'!Q7*'U6'!Q$4, 0)+ IF('U7'!$A$4="1ª", 'U7'!Q7*'U7'!Q$4, 0)+ IF('U8'!$A$4="1ª", 'U8'!Q7*'U8'!Q$4, 0)+ IF('U9'!$A$4="1ª", 'U9'!Q7*'U9'!Q$4, 0)+ IF('U10'!$A$4="1ª", 'U10'!Q7*'U10'!Q$4, 0)+ IF('U11'!$A$4="1ª", 'U11'!Q7*'U11'!Q$4, 0)+ IF('U12'!$A$4="1ª", 'U12'!Q7*'U12'!Q$4, 0)+ IF('U13'!$A$4="1ª", 'U13'!Q7*'U13'!Q$4, 0)+ IF('U14'!$A$4="1ª", 'U14'!Q7*'U14'!Q$4, 0)+ IF('U15'!$A$4="1ª", 'U15'!Q7*'U15'!Q$4, 0) ) /$CB$12 ) /AI$13, "") -> 0 | AK21: =IF(AK$13>0, ( ( IF('U1'!$A$4="1ª", 'U1'!R7*'U1'!R$4, 0)+ IF('U2'!$A$4="1ª", 'U2'!R7*'U2'!R$4, 0)+ IF('U3'!$A$4="1ª", 'U3'!R7*'U3'!R$4, 0)+ IF('U4'!$A$4="1ª", 'U4'!R7*'U4'!R$4, 0)+ IF('U5'!$A$4="1ª", 'U5'!R7*'U5'!R$4, 0)+ IF('U6'!$A$4="1ª", 'U6'!R7*'U6'!R$4, 0)+ IF('U7'!$A$4="1ª", 'U7'!R7*'U7'!R$4, 0)+ IF('U8'!$A$4="1ª", 'U8'!R7*'U8'!R$4, 0)+ IF('U9'!$A$4="1ª", 'U9'!R7*'U9'!R$4, 0)+ IF('U10'!$A$4="1ª", 'U10'!R7*'U10'!R$4, 0)+ IF('U11'!$A$4="1ª", 'U11'!R7*'U11'!R$4, 0)+ IF('U12'!$A$4="1ª", 'U12'!R7*'U12'!R$4, 0)+ IF('U13'!$A$4="1ª", 'U13'!R7*'U13'!R$4, 0)+ IF('U14'!$A$4="1ª", 'U14'!R7*'U14'!R$4, 0)+ IF('U15'!$A$4="1ª", 'U15'!R7*'U15'!R$4, 0) ) /$CB$12 ) /AK$13, "") -> 0 | AM21: =IF(AM$13>0, ( ( IF('U1'!$A$4="1ª", 'U1'!S7*'U1'!S$4, 0)+ IF('U2'!$A$4="1ª", 'U2'!S7*'U2'!S$4, 0)+ IF('U3'!$A$4="1ª", 'U3'!S7*'U3'!S$4, 0)+ IF('U4'!$A$4="1ª", 'U4'!S7*'U4'!S$4, 0)+ IF('U5'!$A$4="1ª", 'U5'!S7*'U5'!S$4, 0)+ IF('U6'!$A$4="1ª", 'U6'!S7*'U6'!S$4, 0)+ IF('U7'!$A$4="1ª", 'U7'!S7*'U7'!S$4, 0)+ IF('U8'!$A$4="1ª", 'U8'!S7*'U8'!S$4, 0)+ IF('U9'!$A$4="1ª", 'U9'!S7*'U9'!S$4, 0)+ IF('U10'!$A$4="1ª", 'U10'!S7*'U10'!S$4, 0)+ IF('U11'!$A$4="1ª", 'U11'!S7*'U11'!S$4, 0)+ IF('U12'!$A$4="1ª", 'U12'!S7*'U12'!S$4, 0)+ IF('U13'!$A$4="1ª", 'U13'!S7*'U13'!S$4, 0)+ IF('U14'!$A$4="1ª", 'U14'!S7*'U14'!S$4, 0)+ IF('U15'!$A$4="1ª", 'U15'!S7*'U15'!S$4, 0) ) /$CB$12 ) /AM$13, "") | AO21: =IFERROR(SUM( MAX(AP21,AQ21)*AP$13, MAX(AR21,AS21)*AR$13, MAX(AT21,AU21)*AT$13, MAX(AV21,AW21)*AV$13, MAX(AX21,AY21)*AX$13, MAX(AZ21,BA21)*AZ$13 )/AO$14,"") -> 0 | AP21: =IF(AP$13>0, ( ( IF('U1'!$A$4="1ª", 'U1'!T7*'U1'!T$4, 0) + IF('U2'!$A$4="1ª", 'U2'!T7*'U2'!T$4, 0) + IF('U3'!$A$4="1ª", 'U3'!T7*'U3'!T$4, 0) + IF('U4'!$A$4="1ª", 'U4'!T7*'U4'!T$4, 0) + IF('U5'!$A$4="1ª", 'U5'!T7*'U5'!T$4, 0) + IF('U6'!$A$4="1ª", 'U6'!T7*'U6'!T$4, 0) + IF('U7'!$A$4="1ª", 'U7'!T7*'U7'!T$4, 0) + IF('U8'!$A$4="1ª", 'U8'!T7*'U8'!T$4, 0) + IF('U9'!$A$4="1ª", 'U9'!T7*'U9'!T$4, 0) + IF('U10'!$A$4="1ª", 'U10'!T7*'U10'!T$4, 0) + IF('U11'!$A$4="1ª", 'U11'!T7*'U11'!T$4, 0) + IF('U12'!$A$4="1ª", 'U12'!T7*'U12'!T$4, 0) + IF('U13'!$A$4="1ª", 'U13'!T7*'U13'!T$4, 0) + IF('U14'!$A$4="1ª", 'U14'!T7*'U14'!T$4, 0) + IF('U15'!$A$4="1ª", 'U15'!T7*'U15'!T$4, 0) ) /$CB$12 ) / AP$13, "") -> 0 | AR21: =IF(AR$13>0, ( ( IF('U1'!$A$4="1ª", 'U1'!U7*'U1'!U$4, 0)+ IF('U2'!$A$4="1ª", 'U2'!U7*'U2'!U$4, 0)+ IF('U3'!$A$4="1ª", 'U3'!U7*'U3'!U$4, 0)+ IF('U4'!$A$4="1ª", 'U4'!U7*'U4'!U$4, 0)+ IF('U5'!$A$4="1ª", 'U5'!U7*'U5'!U$4, 0)+ IF('U6'!$A$4="1ª", 'U6'!U7*'U6'!U$4, 0)+ IF('U7'!$A$4="1ª", 'U7'!U7*'U7'!U$4, 0)+ IF('U8'!$A$4="1ª", 'U8'!U7*'U8'!U$4, 0)+ IF('U9'!$A$4="1ª", 'U9'!U7*'U9'!U$4, 0)+ IF('U10'!$A$4="1ª", 'U10'!U7*'U10'!U$4, 0)+ IF('U11'!$A$4="1ª", 'U11'!U7*'U11'!U$4, 0)+ IF('U12'!$A$4="1ª", 'U12'!U7*'U12'!U$4, 0)+ IF('U13'!$A$4="1ª", 'U13'!U7*'U13'!U$4, 0)+ IF('U14'!$A$4="1ª", 'U14'!U7*'U14'!U$4, 0)+ IF('U15'!$A$4="1ª", 'U15'!U7*'U15'!U$4, 0) ) /$CB$12 ) /AR$13, "") -> 0 | AT21: =IF(AT$13>0, ( ( IF('U1'!$A$4="1ª", 'U1'!V7*'U1'!V$4, 0)+ IF('U2'!$A$4="1ª", 'U2'!V7*'U2'!V$4, 0)+ IF('U3'!$A$4="1ª", 'U3'!V7*'U3'!V$4, 0)+ IF('U4'!$A$4="1ª", 'U4'!V7*'U4'!V$4, 0)+ IF('U5'!$A$4="1ª", 'U5'!V7*'U5'!V$4, 0)+ IF('U6'!$A$4="1ª", 'U6'!V7*'U6'!V$4, 0)+ IF('U7'!$A$4="1ª", 'U7'!V7*'U7'!V$4, 0)+ IF('U8'!$A$4="1ª", 'U8'!V7*'U8'!V$4, 0)+ IF('U9'!$A$4="1ª", 'U9'!V7*'U9'!V$4, 0)+ IF('U10'!$A$4="1ª", 'U10'!V7*'U10'!V$4, 0)+ IF('U11'!$A$4="1ª", 'U11'!V7*'U11'!V$4, 0)+ IF('U12'!$A$4="1ª", 'U12'!V7*'U12'!V$4, 0)+ IF('U13'!$A$4="1ª", 'U13'!V7*'U13'!V$4, 0)+ IF('U14'!$A$4="1ª", 'U14'!V7*'U14'!V$4, 0)+ IF('U15'!$A$4="1ª", 'U15'!V7*'U15'!V$4, 0) ) /$CB$12 ) /AT$13, "") | AV21: =IF(AV$13>0, ( ( IF('U1'!$A$4="1ª", 'U1'!W7*'U1'!W$4, 0)+ IF('U2'!$A$4="1ª", 'U2'!W7*'U2'!W$4, 0)+ IF('U3'!$A$4="1ª", 'U3'!W7*'U3'!W$4, 0)+ IF('U4'!$A$4="1ª", 'U4'!W7*'U4'!W$4, 0)+ IF('U5'!$A$4="1ª", 'U5'!W7*'U5'!W$4, 0)+ IF('U6'!$A$4="1ª", 'U6'!W7*'U6'!W$4, 0)+ IF('U7'!$A$4="1ª", 'U7'!W7*'U7'!W$4, 0)+ IF('U8'!$A$4="1ª", 'U8'!W7*'U8'!W$4, 0)+ IF('U9'!$A$4="1ª", 'U9'!W7*'U9'!W$4, 0)+ IF('U10'!$A$4="1ª", 'U10'!W7*'U10'!W$4, 0)+ IF('U11'!$A$4="1ª", 'U11'!W7*'U11'!W$4, 0)+ IF('U12'!$A$4="1ª", 'U12'!W7*'U12'!W$4, 0)+ IF('U13'!$A$4="1ª", 'U13'!W7*'U13'!W$4, 0)+ IF('U14'!$A$4="1ª", 'U14'!W7*'U14'!W$4, 0)+ IF('U15'!$A$4="1ª", 'U15'!W7*'U15'!W$4, 0) ) /$CB$12 ) /AV$13, "") -> 0 | AX21: =IF(AX$13>0, ( ( IF('U1'!$A$4="1ª", 'U1'!X7*'U1'!X$4, 0)+ IF('U2'!$A$4="1ª", 'U2'!X7*'U2'!X$4, 0)+ IF('U3'!$A$4="1ª", 'U3'!X7*'U3'!X$4, 0)+ IF('U4'!$A$4="1ª", 'U4'!X7*'U4'!X$4, 0)+ IF('U5'!$A$4="1ª", 'U5'!X7*'U5'!X$4, 0)+ IF('U6'!$A$4="1ª", 'U6'!X7*'U6'!X$4, 0)+ IF('U7'!$A$4="1ª", 'U7'!X7*'U7'!X$4, 0)+ IF('U8'!$A$4="1ª", 'U8'!X7*'U8'!X$4, 0)+ IF('U9'!$A$4="1ª", 'U9'!X7*'U9'!X$4, 0)+ IF('U10'!$A$4="1ª", 'U10'!X7*'U10'!X$4, 0)+ IF('U11'!$A$4="1ª", 'U11'!X7*'U11'!X$4, 0)+ IF('U12'!$A$4="1ª", 'U12'!X7*'U12'!X$4, 0)+ IF('U13'!$A$4="1ª", 'U13'!X7*'U13'!X$4, 0)+ IF('U14'!$A$4="1ª", 'U14'!X7*'U14'!X$4, 0)+ IF('U15'!$A$4="1ª", 'U15'!X7*'U15'!X$4, 0) ) /$CB$12 ) /AX$13, "") | AZ21: =IF(AZ$13>0, ( ( IF('U1'!$A$4="1ª", 'U1'!Y7*'U1'!Y$4, 0)+ IF('U2'!$A$4="1ª", 'U2'!Y7*'U2'!Y$4, 0)+ IF('U3'!$A$4="1ª", 'U3'!Y7*'U3'!Y$4, 0)+ IF('U4'!$A$4="1ª", 'U4'!Y7*'U4'!Y$4, 0)+ IF('U5'!$A$4="1ª", 'U5'!Y7*'U5'!Y$4, 0)+ IF('U6'!$A$4="1ª", 'U6'!Y7*'U6'!Y$4, 0)+ IF('U7'!$A$4="1ª", 'U7'!Y7*'U7'!Y$4, 0)+ IF('U8'!$A$4="1ª", 'U8'!Y7*'U8'!Y$4, 0)+ IF('U9'!$A$4="1ª", 'U9'!Y7*'U9'!Y$4, 0)+ IF('U10'!$A$4="1ª", 'U10'!Y7*'U10'!Y$4, 0)+ IF('U11'!$A$4="1ª", 'U11'!Y7*'U11'!Y$4, 0)+ IF('U12'!$A$4="1ª", 'U12'!Y7*'U12'!Y$4, 0)+ IF('U13'!$A$4="1ª", 'U13'!Y7*'U13'!Y$4, 0)+ IF('U14'!$A$4="1ª", 'U14'!Y7*'U14'!Y$4, 0)+ IF('U15'!$A$4="1ª", 'U15'!Y7*'U15'!Y$4, 0) ) /$CB$12 ) /AZ$13, "") | BB21: =IFERROR(SUM( MAX(BC21,BD21)*BC$13, MAX(BE21,BF21)*BE$13, MAX(BG21,BH21)*BG$13, MAX(BI21,BJ21)*BI$13, MAX(BK21,BL21)*BK$13, MAX(BM21,BN21)*BM$13 )/BB$14,"") -> 0 | BC21: =IF(BC$13>0, ( ( IF('U1'!$A$4="1ª", 'U1'!Z7*'U1'!Z$4, 0)+ IF('U2'!$A$4="1ª", 'U2'!Z7*'U2'!Z$4, 0)+ IF('U3'!$A$4="1ª", 'U3'!Z7*'U3'!Z$4, 0)+ IF('U4'!$A$4="1ª", 'U4'!Z7*'U4'!Z$4, 0)+ IF('U5'!$A$4="1ª", 'U5'!Z7*'U5'!Z$4, 0)+ IF('U6'!$A$4="1ª", 'U6'!Z7*'U6'!Z$4, 0)+ IF('U7'!$A$4="1ª", 'U7'!Z7*'U7'!Z$4, 0)+ IF('U8'!$A$4="1ª", 'U8'!Z7*'U8'!Z$4, 0)+ IF('U9'!$A$4="1ª", 'U9'!Z7*'U9'!Z$4, 0)+ IF('U10'!$A$4="1ª", 'U10'!Z7*'U10'!Z$4, 0)+ IF('U11'!$A$4="1ª", 'U11'!Z7*'U11'!Z$4, 0)+ IF('U12'!$A$4="1ª", 'U12'!Z7*'U12'!Z$4, 0)+ IF('U13'!$A$4="1ª", 'U13'!Z7*'U13'!Z$4, 0)+ IF('U14'!$A$4="1ª", 'U14'!Z7*'U14'!Z$4, 0)+ IF('U15'!$A$4="1ª", 'U15'!Z7*'U15'!Z$4, 0) ) /$CB$12 ) /BC$13, "") | BE21: =IF(BE$13>0, ( ( IF('U1'!$A$4="1ª", 'U1'!AA7*'U1'!AA$4, 0)+ IF('U2'!$A$4="1ª", 'U2'!AA7*'U2'!AA$4, 0)+ IF('U3'!$A$4="1ª", 'U3'!AA7*'U3'!AA$4, 0)+ IF('U4'!$A$4="1ª", 'U4'!AA7*'U4'!AA$4, 0)+ IF('U5'!$A$4="1ª", 'U5'!AA7*'U5'!AA$4, 0)+ IF('U6'!$A$4="1ª", 'U6'!AA7*'U6'!AA$4, 0)+ IF('U7'!$A$4="1ª", 'U7'!AA7*'U7'!AA$4, 0)+ IF('U8'!$A$4="1ª", 'U8'!AA7*'U8'!AA$4, 0)+ IF('U9'!$A$4="1ª", 'U9'!AA7*'U9'!AA$4, 0)+ IF('U10'!$A$4="1ª", 'U10'!AA7*'U10'!AA$4, 0)+ IF('U11'!$A$4="1ª", 'U11'!AA7*'U11'!AA$4, 0)+ IF('U12'!$A$4="1ª", 'U12'!AA7*'U12'!AA$4, 0)+ IF('U13'!$A$4="1ª", 'U13'!AA7*'U13'!AA$4, 0)+ IF('U14'!$A$4="1ª", 'U14'!AA7*'U14'!AA$4, 0)+ IF('U15'!$A$4="1ª", 'U15'!AA7*'U15'!AA$4, 0) ) /$CB$12 ) /BE$13, "") | BG21: =IF(BG$13>0, ( ( IF('U1'!$A$4="1ª", 'U1'!AB7*'U1'!AB$4, 0)+ IF('U2'!$A$4="1ª", 'U2'!AB7*'U2'!AB$4, 0)+ IF('U3'!$A$4="1ª", 'U3'!AB7*'U3'!AB$4, 0)+ IF('U4'!$A$4="1ª", 'U4'!AB7*'U4'!AB$4, 0)+ IF('U5'!$A$4="1ª", 'U5'!AB7*'U5'!AB$4, 0)+ IF('U6'!$A$4="1ª", 'U6'!AB7*'U6'!AB$4, 0)+ IF('U7'!$A$4="1ª", 'U7'!AB7*'U7'!AB$4, 0)+ IF('U8'!$A$4="1ª", 'U8'!AB7*'U8'!AB$4, 0)+ IF('U9'!$A$4="1ª", 'U9'!AB7*'U9'!AB$4, 0)+ IF('U10'!$A$4="1ª", 'U10'!AB7*'U10'!AB$4, 0)+ IF('U11'!$A$4="1ª", 'U11'!AB7*'U11'!AB$4, 0)+ IF('U12'!$A$4="1ª", 'U12'!AB7*'U12'!AB$4, 0)+ IF('U13'!$A$4="1ª", 'U13'!AB7*'U13'!AB$4, 0)+ IF('U14'!$A$4="1ª", 'U14'!AB7*'U14'!AB$4, 0)+ IF('U15'!$A$4="1ª", 'U15'!AB7*'U15'!AB$4, 0) ) /$CB$12 ) /BG$13, "") | BI21: =IF(BI$13>0, ( ( IF('U1'!$A$4="1ª", 'U1'!AC7*'U1'!AC$4, 0)+ IF('U2'!$A$4="1ª", 'U2'!AC7*'U2'!AC$4, 0)+ IF('U3'!$A$4="1ª", 'U3'!AC7*'U3'!AC$4, 0)+ IF('U4'!$A$4="1ª", 'U4'!AC7*'U4'!AC$4, 0)+ IF('U5'!$A$4="1ª", 'U5'!AC7*'U5'!AC$4, 0)+ IF('U6'!$A$4="1ª", 'U6'!AC7*'U6'!AC$4, 0)+ IF('U7'!$A$4="1ª", 'U7'!AC7*'U7'!AC$4, 0)+ IF('U8'!$A$4="1ª", 'U8'!AC7*'U8'!AC$4, 0)+ IF('U9'!$A$4="1ª", 'U9'!AC7*'U9'!AC$4, 0)+ IF('U10'!$A$4="1ª", 'U10'!AC7*'U10'!AC$4, 0)+ IF('U11'!$A$4="1ª", 'U11'!AC7*'U11'!AC$4, 0)+ IF('U12'!$A$4="1ª", 'U12'!AC7*'U12'!AC$4, 0)+ IF('U13'!$A$4="1ª", 'U13'!AC7*'U13'!AC$4, 0)+ IF('U14'!$A$4="1ª", 'U14'!AC7*'U14'!AC$4, 0)+ IF('U15'!$A$4="1ª", 'U15'!AC7*'U15'!AC$4, 0) ) /$CB$12 ) /BI$13, "") -> 0 | BK21: =IF(BK$13>0, ( ( IF('U1'!$A$4="1ª", 'U1'!AD7*'U1'!AD$4, 0)+ IF('U2'!$A$4="1ª", 'U2'!AD7*'U2'!AD$4, 0)+ IF('U3'!$A$4="1ª", 'U3'!AD7*'U3'!AD$4, 0)+ IF('U4'!$A$4="1ª", 'U4'!AD7*'U4'!AD$4, 0)+ IF('U5'!$A$4="1ª", 'U5'!AD7*'U5'!AD$4, 0)+ IF('U6'!$A$4="1ª", 'U6'!AD7*'U6'!AD$4, 0)+ IF('U7'!$A$4="1ª", 'U7'!AD7*'U7'!AD$4, 0)+ IF('U8'!$A$4="1ª", 'U8'!AD7*'U8'!AD$4, 0)+ IF('U9'!$A$4="1ª", 'U9'!AD7*'U9'!AD$4, 0)+ IF('U10'!$A$4="1ª", 'U10'!AD7*'U10'!AD$4, 0)+ IF('U11'!$A$4="1ª", 'U11'!AD7*'U11'!AD$4, 0)+ IF('U12'!$A$4="1ª", 'U12'!AD7*'U12'!AD$4, 0)+ IF('U13'!$A$4="1ª", 'U13'!AD7*'U13'!AD$4, 0)+ IF('U14'!$A$4="1ª", 'U14'!AD7*'U14'!AD$4, 0)+ IF('U15'!$A$4="1ª", 'U15'!AD7*'U15'!AD$4, 0) ) /$CB$12 ) /BK$13, "") | BM21: =IF(BM$13>0, ( ( IF('U1'!$A$4="1ª", 'U1'!AE7*'U1'!AE$4, 0)+ IF('U2'!$A$4="1ª", 'U2'!AE7*'U2'!AE$4, 0)+ IF('U3'!$A$4="1ª", 'U3'!AE7*'U3'!AE$4, 0)+ IF('U4'!$A$4="1ª", 'U4'!AE7*'U4'!AE$4, 0)+ IF('U5'!$A$4="1ª", 'U5'!AE7*'U5'!AE$4, 0)+ IF('U6'!$A$4="1ª", 'U6'!AE7*'U6'!AE$4, 0)+ IF('U7'!$A$4="1ª", 'U7'!AE7*'U7'!AE$4, 0)+ IF('U8'!$A$4="1ª", 'U8'!AE7*'U8'!AE$4, 0)+ IF('U9'!$A$4="1ª", 'U9'!AE7*'U9'!AE$4, 0)+ IF('U10'!$A$4="1ª", 'U10'!AE7*'U10'!AE$4, 0)+ IF('U11'!$A$4="1ª", 'U11'!AE7*'U11'!AE$4, 0)+ IF('U12'!$A$4="1ª", 'U12'!AE7*'U12'!AE$4, 0)+ IF('U13'!$A$4="1ª", 'U13'!AE7*'U13'!AE$4, 0)+ IF('U14'!$A$4="1ª", 'U14'!AE7*'U14'!AE$4, 0)+ IF('U15'!$A$4="1ª", 'U15'!AE7*'U15'!AE$4, 0) ) /$CB$12 ) /BM$13, "") | BO21: =IFERROR(SUM( MAX(BP21,BQ21)*BP$13, MAX(BR21,BS21)*BR$13, MAX(BT21,BU21)*BT$13, MAX(BV21,BW21)*BV$13, MAX(BX21,BY21)*BX$13, MAX(BZ21,CA21)*BZ$13 )/BO$14,"") | BP21: =IF(BP$13>0, ( ( IF('U1'!$A$4="1ª", 'U1'!AF7*'U1'!AF$4, 0)+ IF('U2'!$A$4="1ª", 'U2'!AF7*'U2'!AF$4, 0)+ IF('U3'!$A$4="1ª", 'U3'!AF7*'U3'!AF$4, 0)+ IF('U4'!$A$4="1ª", 'U4'!AF7*'U4'!AF$4, 0)+ IF('U5'!$A$4="1ª", 'U5'!AF7*'U5'!AF$4, 0)+ IF('U6'!$A$4="1ª", 'U6'!AF7*'U6'!AF$4, 0)+ IF('U7'!$A$4="1ª", 'U7'!AF7*'U7'!AF$4, 0)+ IF('U8'!$A$4="1ª", 'U8'!AF7*'U8'!AF$4, 0)+ IF('U9'!$A$4="1ª", 'U9'!AF7*'U9'!AF$4, 0)+ IF('U10'!$A$4="1ª", 'U10'!AF7*'U10'!AF$4, 0)+ IF('U11'!$A$4="1ª", 'U11'!AF7*'U11'!AF$4, 0)+ IF('U12'!$A$4="1ª", 'U12'!AF7*'U12'!AF$4, 0)+ IF('U13'!$A$4="1ª", 'U13'!AF7*'U13'!AF$4, 0)+ IF('U14'!$A$4="1ª", 'U14'!AF7*'U14'!AF$4, 0)+ IF('U15'!$A$4="1ª", 'U15'!AF7*'U15'!AF$4, 0) ) /$CB$12 ) /BP$13, "") | BR21: =IF(BR$13>0, ( ( IF('U1'!$A$4="1ª", 'U1'!AG7*'U1'!AG$4, 0)+ IF('U2'!$A$4="1ª", 'U2'!AG7*'U2'!AG$4, 0)+ IF('U3'!$A$4="1ª", 'U3'!AG7*'U3'!AG$4, 0)+ IF('U4'!$A$4="1ª", 'U4'!AG7*'U4'!AG$4, 0)+ IF('U5'!$A$4="1ª", 'U5'!AG7*'U5'!AG$4, 0)+ IF('U6'!$A$4="1ª", 'U6'!AG7*'U6'!AG$4, 0)+ IF('U7'!$A$4="1ª", 'U7'!AG7*'U7'!AG$4, 0)+ IF('U8'!$A$4="1ª", 'U8'!AG7*'U8'!AG$4, 0)+ IF('U9'!$A$4="1ª", 'U9'!AG7*'U9'!AG$4, 0)+ IF('U10'!$A$4="1ª", 'U10'!AG7*'U10'!AG$4, 0)+ IF('U11'!$A$4="1ª", 'U11'!AG7*'U11'!AG$4, 0)+ IF('U12'!$A$4="1ª", 'U12'!AG7*'U12'!AG$4, 0)+ IF('U13'!$A$4="1ª", 'U13'!AG7*'U13'!AG$4, 0)+ IF('U14'!$A$4="1ª", 'U14'!AG7*'U14'!AG$4, 0)+ IF('U15'!$A$4="1ª", 'U15'!AG7*'U15'!AG$4, 0) ) /$CB$12 ) /BR$13, "") | BT21: =IF(BT$13>0, ( ( IF('U1'!$A$4="1ª", 'U1'!AH7*'U1'!AH$4, 0)+ IF('U2'!$A$4="1ª", 'U2'!AH7*'U2'!AH$4, 0)+ IF('U3'!$A$4="1ª", 'U3'!AH7*'U3'!AH$4, 0)+ IF('U4'!$A$4="1ª", 'U4'!AH7*'U4'!AH$4, 0)+ IF('U5'!$A$4="1ª", 'U5'!AH7*'U5'!AH$4, 0)+ IF('U6'!$A$4="1ª", 'U6'!AH7*'U6'!AH$4, 0)+ IF('U7'!$A$4="1ª", 'U7'!AH7*'U7'!AH$4, 0)+ IF('U8'!$A$4="1ª", 'U8'!AH7*'U8'!AH$4, 0)+ IF('U9'!$A$4="1ª", 'U9'!AH7*'U9'!AH$4, 0)+ IF('U10'!$A$4="1ª", 'U10'!AH7*'U10'!AH$4, 0)+ IF('U11'!$A$4="1ª", 'U11'!AH7*'U11'!AH$4, 0)+ IF('U12'!$A$4="1ª", 'U12'!AH7*'U12'!AH$4, 0)+ IF('U13'!$A$4="1ª", 'U13'!AH7*'U13'!AH$4, 0)+ IF('U14'!$A$4="1ª", 'U14'!AH7*'U14'!AH$4, 0)+ IF('U15'!$A$4="1ª", 'U15'!AH7*'U15'!AH$4, 0) ) /$CB$12 ) /BT$13, "") | BV21: =IF(BT$13>0, ( ( IF('U1'!$A$4="1ª", 'U1'!AH7*'U1'!AH$4, 0)+ IF('U2'!$A$4="1ª", 'U2'!AH7*'U2'!AH$4, 0)+ IF('U3'!$A$4="1ª", 'U3'!AH7*'U3'!AH$4, 0)+ IF('U4'!$A$4="1ª", 'U4'!AH7*'U4'!AH$4, 0)+ IF('U5'!$A$4="1ª", 'U5'!AH7*'U5'!AH$4, 0)+ IF('U6'!$A$4="1ª", 'U6'!AH7*'U6'!AH$4, 0)+ IF('U7'!$A$4="1ª", 'U7'!AH7*'U7'!AH$4, 0)+ IF('U8'!$A$4="1ª", 'U8'!AH7*'U8'!AH$4, 0)+ IF('U9'!$A$4="1ª", 'U9'!AH7*'U9'!AH$4, 0)+ IF('U10'!$A$4="1ª", 'U10'!AH7*'U10'!AH$4, 0)+ IF('U11'!$A$4="1ª", 'U11'!AH7*'U11'!AH$4, 0)+ IF('U12'!$A$4="1ª", 'U12'!AH7*'U12'!AH$4, 0)+ IF('U13'!$A$4="1ª", 'U13'!AH7*'U13'!AH$4, 0)+ IF('U14'!$A$4="1ª", 'U14'!AH7*'U14'!AH$4, 0)+ IF('U15'!$A$4="1ª", 'U15'!AH7*'U15'!AH$4, 0) ) /$CB$12 ) /BT$13, "") | BX21: =IF(BV$13>0, ( ( IF('U1'!$A$4="1ª", 'U1'!AI7*'U1'!AI$4, 0)+ IF('U2'!$A$4="1ª", 'U2'!AI7*'U2'!AI$4, 0)+ IF('U3'!$A$4="1ª", 'U3'!AI7*'U3'!AI$4, 0)+ IF('U4'!$A$4="1ª", 'U4'!AI7*'U4'!AI$4, 0)+ IF('U5'!$A$4="1ª", 'U5'!AI7*'U5'!AI$4, 0)+ IF('U6'!$A$4="1ª", 'U6'!AI7*'U6'!AI$4, 0)+ IF('U7'!$A$4="1ª", 'U7'!AI7*'U7'!AI$4, 0)+ IF('U8'!$A$4="1ª", 'U8'!AI7*'U8'!AI$4, 0)+ IF('U9'!$A$4="1ª", 'U9'!AI7*'U9'!AI$4, 0)+ IF('U10'!$A$4="1ª", 'U10'!AI7*'U10'!AI$4, 0)+ IF('U11'!$A$4="1ª", 'U11'!AI7*'U11'!AI$4, 0)+ IF('U12'!$A$4="1ª", 'U12'!AI7*'U12'!AI$4, 0)+ IF('U13'!$A$4="1ª", 'U13'!AI7*'U13'!AI$4, 0)+ IF('U14'!$A$4="1ª", 'U14'!AI7*'U14'!AI$4, 0)+ IF('U15'!$A$4="1ª", 'U15'!AI7*'U15'!AI$4, 0) ) /$CB$12 ) /BV$13, "") | BZ21: =IF(BZ$13>0, ( ( IF('U1'!$A$4="1ª", 'U1'!AK7*'U1'!AK$4, 0)+ IF('U2'!$A$4="1ª", 'U2'!AK7*'U2'!AK$4, 0)+ IF('U3'!$A$4="1ª", 'U3'!AK7*'U3'!AK$4, 0)+ IF('U4'!$A$4="1ª", 'U4'!AK7*'U4'!AK$4, 0)+ IF('U5'!$A$4="1ª", 'U5'!AK7*'U5'!AK$4, 0)+ IF('U6'!$A$4="1ª", 'U6'!AK7*'U6'!AK$4, 0)+ IF('U7'!$A$4="1ª", 'U7'!AK7*'U7'!AK$4, 0)+ IF('U8'!$A$4="1ª", 'U8'!AK7*'U8'!AK$4, 0)+ IF('U9'!$A$4="1ª", 'U9'!AK7*'U9'!AK$4, 0)+ IF('U10'!$A$4="1ª", 'U10'!AK7*'U10'!AK$4, 0)+ IF('U11'!$A$4="1ª", 'U11'!AK7*'U11'!AK$4, 0)+ IF('U12'!$A$4="1ª", 'U12'!AK7*'U12'!AK$4, 0)+ IF('U13'!$A$4="1ª", 'U13'!AK7*'U13'!AK$4, 0)+ IF('U14'!$A$4="1ª", 'U14'!AK7*'U14'!AK$4, 0)+ IF('U15'!$A$4="1ª", 'U15'!AK7*'U15'!AK$4, 0) ) /$CB$12 ) /BZ$13, "") | CB21: =MAX(P21,Q21)*$P$13 +MAX(R21,S21)*$R$13 +MAX(T21,U21)*$T$13 +MAX(V21,W21)*$V$13 +MAX(X21,Y21)*$X$13 +MAX(Z21,AA21)*$Z$13+MAX(C21,D21)*$C$13 +MAX(E21,F21)*$E$13 +MAX(G21,H21)*$G$13 +MAX(I21,J21)*$I$13 +MAX(K21,L21)*$K$13 +MAX(M21,N21)*$M$13+MAX(AC21,AD21)*$AC$13 +MAX(AE21,AF21)*$AE$13 +MAX(AG21,AH21)*$AG$13 +MAX(AI21,AJ21)*$AI$13 +MAX(AK21,AL21)*$AK$13 +MAX(AM21,AN21)*$AM$13+MAX(AP21,AQ21)*$AP$13 +MAX(AR21,AS21)*$AR$13 +MAX(AT21,AU21)*$AT$13 +MAX(AV21,AW21)*$AV$13 +MAX(AX21,AY21)*$AX$13 +MAX(AZ21,BA21)*$AZ$13+MAX(BC21,BD21)*$BC$13 +MAX(BE21,BF21)*$BE$13 +MAX(BG21,BH21)*$BG$13 +MAX(BI21,BJ21)*$BI$13 +MAX(BK21,BL21)*$BK$13 +MAX(BM21,BN21)*$BM$13+MAX(BP21,BQ21)*$BP$13 +MAX(BR21,BS21)*$BR$13 +MAX(BT21,BU21)*$BT$13 +MAX(BV21,BW21)*$BV$13 +MAX(BX21,BY21)*$BX$13 +MAX(BZ21,CA21)*$BZ$13 -> 0 | CC21: =B21*$B$14+O21*$O$14+AB21*$AB$14+AO21*$AO$14+BB21*$BB$14 -> 0
A22: Lopez Diego | B22: =IFERROR(SUM( MAX(C22,D22)*C$13, MAX(E22,F22)*E$13, MAX(G22,H22)*G$13, MAX(I22,J22)*I$13, MAX(K22,L22)*K$13, MAX(M22,N22)*M$13 )/B$14,"") -> 0 | C22: =IF(C$13>0, ( ( IF('U1'!$A$4="1ª", 'U1'!B8*'U1'!B$4, 0) + IF('U2'!$A$4="1ª", 'U2'!B8*'U2'!B$4, 0) + IF('U3'!$A$4="1ª", 'U3'!B8*'U3'!B$4, 0) + IF('U4'!$A$4="1ª", 'U4'!B8*'U4'!B$4, 0) + IF('U5'!$A$4="1ª", 'U5'!B8*'U5'!B$4, 0) + IF('U6'!$A$4="1ª", 'U6'!B8*'U6'!B$4, 0) + IF('U7'!$A$4="1ª", 'U7'!B8*'U7'!B$4, 0) + IF('U8'!$A$4="1ª", 'U8'!B8*'U8'!B$4, 0) + IF('U9'!$A$4="1ª", 'U9'!B8*'U9'!B$4, 0) + IF('U10'!$A$4="1ª", 'U10'!B8*'U10'!B$4, 0) + IF('U11'!$A$4="1ª", 'U11'!B8*'U11'!B$4, 0) + IF('U12'!$A$4="1ª", 'U12'!B8*'U12'!B$4, 0) + IF('U13'!$A$4="1ª", 'U13'!B8*'U13'!B$4, 0) + IF('U14'!$A$4="1ª", 'U14'!B8*'U14'!B$4, 0) + IF('U15'!$A$4="1ª", 'U15'!B8*'U15'!B$4, 0) ) /$CB$12 ) /C$13, "") -> 0 | E22: =IF(E$13>0, ( ( IF('U1'!$A$4="1ª", 'U1'!C8*'U1'!C$4, 0) + IF('U2'!$A$4="1ª", 'U2'!C8*'U2'!C$4, 0) + IF('U3'!$A$4="1ª", 'U3'!C8*'U3'!C$4, 0) + IF('U4'!$A$4="1ª", 'U4'!C8*'U4'!C$4, 0) + IF('U5'!$A$4="1ª", 'U5'!C8*'U5'!C$4, 0) + IF('U6'!$A$4="1ª", 'U6'!C8*'U6'!C$4, 0) + IF('U7'!$A$4="1ª", 'U7'!C8*'U7'!C$4, 0) + IF('U8'!$A$4="1ª", 'U8'!C8*'U8'!C$4, 0) + IF('U9'!$A$4="1ª", 'U9'!C8*'U9'!C$4, 0) + IF('U10'!$A$4="1ª", 'U10'!C8*'U10'!C$4, 0) + IF('U11'!$A$4="1ª", 'U11'!C8*'U11'!C$4, 0) + IF('U12'!$A$4="1ª", 'U12'!C8*'U12'!C$4, 0) + IF('U13'!$A$4="1ª", 'U13'!C8*'U13'!C$4, 0) + IF('U14'!$A$4="1ª", 'U14'!C8*'U14'!C$4, 0) + IF('U15'!$A$4="1ª", 'U15'!C8*'U15'!C$4, 0) ) /$CB$12 ) /E$13, "") -> 0 | G22: =IF(G$13>0, ( ( IF('U1'!$A$4="1ª", 'U1'!D8*'U1'!D$4, 0) + IF('U2'!$A$4="1ª", 'U2'!D8*'U2'!D$4, 0) + IF('U3'!$A$4="1ª", 'U3'!D8*'U3'!D$4, 0) + IF('U4'!$A$4="1ª", 'U4'!D8*'U4'!D$4, 0) + IF('U5'!$A$4="1ª", 'U5'!D8*'U5'!D$4, 0) + IF('U6'!$A$4="1ª", 'U6'!D8*'U6'!D$4, 0) + IF('U7'!$A$4="1ª", 'U7'!D8*'U7'!D$4, 0) + IF('U8'!$A$4="1ª", 'U8'!D8*'U8'!D$4, 0) + IF('U9'!$A$4="1ª", 'U9'!D8*'U9'!D$4, 0) + IF('U10'!$A$4="1ª", 'U10'!D8*'U10'!D$4, 0) + IF('U11'!$A$4="1ª", 'U11'!D8*'U11'!D$4, 0) + IF('U12'!$A$4="1ª", 'U12'!D8*'U12'!D$4, 0) + IF('U13'!$A$4="1ª", 'U13'!D8*'U13'!D$4, 0) + IF('U14'!$A$4="1ª", 'U14'!D8*'U14'!D$4, 0) + IF('U15'!$A$4="1ª", 'U15'!D8*'U15'!D$4, 0) ) /$CB$12 ) /G$13, "") -> 0 | I22: =IF(I$13>0, ( ( IF('U1'!$A$4="1ª", 'U1'!E8*'U1'!E$4, 0) + IF('U2'!$A$4="1ª", 'U2'!E8*'U2'!E$4, 0) + IF('U3'!$A$4="1ª", 'U3'!E8*'U3'!E$4, 0) + IF('U4'!$A$4="1ª", 'U4'!E8*'U4'!E$4, 0) + IF('U5'!$A$4="1ª", 'U5'!E8*'U5'!E$4, 0) + IF('U6'!$A$4="1ª", 'U6'!E8*'U6'!E$4, 0) + IF('U7'!$A$4="1ª", 'U7'!E8*'U7'!E$4, 0) + IF('U8'!$A$4="1ª", 'U8'!E8*'U8'!E$4, 0) + IF('U9'!$A$4="1ª", 'U9'!E8*'U9'!E$4, 0) + IF('U10'!$A$4="1ª", 'U10'!E8*'U10'!E$4, 0) + IF('U11'!$A$4="1ª", 'U11'!E8*'U11'!E$4, 0) + IF('U12'!$A$4="1ª", 'U12'!E8*'U12'!E$4, 0) + IF('U13'!$A$4="1ª", 'U13'!E8*'U13'!E$4, 0) + IF('U14'!$A$4="1ª", 'U14'!E8*'U14'!E$4, 0) + IF('U15'!$A$4="1ª", 'U15'!E8*'U15'!E$4, 0) ) /$CB$12 ) /I$13, "") -> 0 | K22: =IF(K$13>0, ( ( IF('U1'!$A$4="1ª", 'U1'!F8*'U1'!F$4, 0) + IF('U2'!$A$4="1ª", 'U2'!F8*'U2'!F$4, 0) + IF('U3'!$A$4="1ª", 'U3'!F8*'U3'!F$4, 0) + IF('U4'!$A$4="1ª", 'U4'!F8*'U4'!F$4, 0) + IF('U5'!$A$4="1ª", 'U5'!F8*'U5'!F$4, 0) + IF('U6'!$A$4="1ª", 'U6'!F8*'U6'!F$4, 0) + IF('U7'!$A$4="1ª", 'U7'!F8*'U7'!F$4, 0) + IF('U8'!$A$4="1ª", 'U8'!F8*'U8'!F$4, 0) + IF('U9'!$A$4="1ª", 'U9'!F8*'U9'!F$4, 0) + IF('U10'!$A$4="1ª", 'U10'!F8*'U10'!F$4, 0) + IF('U11'!$A$4="1ª", 'U11'!F8*'U11'!F$4, 0) + IF('U12'!$A$4="1ª", 'U12'!F8*'U12'!F$4, 0) + IF('U13'!$A$4="1ª", 'U13'!F8*'U13'!F$4, 0) + IF('U14'!$A$4="1ª", 'U14'!F8*'U14'!F$4, 0) + IF('U15'!$A$4="1ª", 'U15'!F8*'U15'!F$4, 0) ) /$CB$12 ) /K$13, "") -> 0 | M22: =IF(M$13>0, ( ( IF('U1'!$A$4="1ª", 'U1'!G8*'U1'!G$4, 0) + IF('U2'!$A$4="1ª", 'U2'!G8*'U2'!G$4, 0) + IF('U3'!$A$4="1ª", 'U3'!G8*'U3'!G$4, 0) + IF('U4'!$A$4="1ª", 'U4'!G8*'U4'!G$4, 0) + IF('U5'!$A$4="1ª", 'U5'!G8*'U5'!G$4, 0) + IF('U6'!$A$4="1ª", 'U6'!G8*'U6'!G$4, 0) + IF('U7'!$A$4="1ª", 'U7'!G8*'U7'!G$4, 0) + IF('U8'!$A$4="1ª", 'U8'!G8*'U8'!G$4, 0) + IF('U9'!$A$4="1ª", 'U9'!G8*'U9'!G$4, 0) + IF('U10'!$A$4="1ª", 'U10'!G8*'U10'!G$4, 0) + IF('U11'!$A$4="1ª", 'U11'!G8*'U11'!G$4, 0) + IF('U12'!$A$4="1ª", 'U12'!G8*'U12'!G$4, 0) + IF('U13'!$A$4="1ª", 'U13'!G8*'U13'!G$4, 0) + IF('U14'!$A$4="1ª", 'U14'!G8*'U14'!G$4, 0) + IF('U15'!$A$4="1ª", 'U15'!G8*'U15'!G$4, 0) ) /$CB$12 ) /M$13, "") | O22: =IFERROR(SUM( MAX(P22,Q22)*P$13, MAX(R22,S22)*R$13, MAX(T22,U22)*T$13, MAX(V22,W22)*V$13, MAX(X22,Y22)*X$13, MAX(Z22,AA22)*Z$13 )/O$14,"") -> 0 | P22: =IF(P$13>0, ( ( IF('U1'!$A$4="1ª", 'U1'!H8*'U1'!H$4, 0) + IF('U2'!$A$4="1ª", 'U2'!H8*'U2'!H$4, 0) + IF('U3'!$A$4="1ª", 'U3'!H8*'U3'!H$4, 0) + IF('U4'!$A$4="1ª", 'U4'!H8*'U4'!H$4, 0) + IF('U5'!$A$4="1ª", 'U5'!H8*'U5'!H$4, 0) + IF('U6'!$A$4="1ª", 'U6'!H8*'U6'!H$4, 0) + IF('U7'!$A$4="1ª", 'U7'!H8*'U7'!H$4, 0) + IF('U8'!$A$4="1ª", 'U8'!H8*'U8'!H$4, 0) + IF('U9'!$A$4="1ª", 'U9'!H8*'U9'!H$4, 0) + IF('U10'!$A$4="1ª", 'U10'!H8*'U10'!H$4, 0) + IF('U11'!$A$4="1ª", 'U11'!H8*'U11'!H$4, 0) + IF('U12'!$A$4="1ª", 'U12'!H8*'U12'!H$4, 0) + IF('U13'!$A$4="1ª", 'U13'!H8*'U13'!H$4, 0) + IF('U14'!$A$4="1ª", 'U14'!H8*'U14'!H$4, 0) + IF('U15'!$A$4="1ª", 'U15'!H8*'U15'!H$4, 0) ) /$CB$12 ) /P$13, "") -> 0 | R22: =IF(R$13>0, ( ( IF('U1'!$A$4="1ª", 'U1'!I8*'U1'!I$4, 0) + IF('U2'!$A$4="1ª", 'U2'!I8*'U2'!I$4, 0) + IF('U3'!$A$4="1ª", 'U3'!I8*'U3'!I$4, 0) + IF('U4'!$A$4="1ª", 'U4'!I8*'U4'!I$4, 0) + IF('U5'!$A$4="1ª", 'U5'!I8*'U5'!I$4, 0) + IF('U6'!$A$4="1ª", 'U6'!I8*'U6'!I$4, 0) + IF('U7'!$A$4="1ª", 'U7'!I8*'U7'!I$4, 0) + IF('U8'!$A$4="1ª", 'U8'!I8*'U8'!I$4, 0) + IF('U9'!$A$4="1ª", 'U9'!I8*'U9'!I$4, 0) + IF('U10'!$A$4="1ª", 'U10'!I8*'U10'!I$4, 0) + IF('U11'!$A$4="1ª", 'U11'!I8*'U11'!I$4, 0) + IF('U12'!$A$4="1ª", 'U12'!I8*'U12'!I$4, 0) + IF('U13'!$A$4="1ª", 'U13'!I8*'U13'!I$4, 0) + IF('U14'!$A$4="1ª", 'U14'!I8*'U14'!I$4, 0) + IF('U15'!$A$4="1ª", 'U15'!I8*'U15'!I$4, 0) ) /$CB$12 ) /R$13, "") -> 0 | T22: =IF(T$13>0, ( ( IF('U1'!$A$4="1ª", 'U1'!J8*'U1'!J$4, 0) + IF('U2'!$A$4="1ª", 'U2'!J8*'U2'!J$4, 0) + IF('U3'!$A$4="1ª", 'U3'!J8*'U3'!J$4, 0) + IF('U4'!$A$4="1ª", 'U4'!J8*'U4'!J$4, 0) + IF('U5'!$A$4="1ª", 'U5'!J8*'U5'!J$4, 0) + IF('U6'!$A$4="1ª", 'U6'!J8*'U6'!J$4, 0) + IF('U7'!$A$4="1ª", 'U7'!J8*'U7'!J$4, 0) + IF('U8'!$A$4="1ª", 'U8'!J8*'U8'!J$4, 0) + IF('U9'!$A$4="1ª", 'U9'!J8*'U9'!J$4, 0) + IF('U10'!$A$4="1ª", 'U10'!J8*'U10'!J$4, 0) + IF('U11'!$A$4="1ª", 'U11'!J8*'U11'!J$4, 0) + IF('U12'!$A$4="1ª", 'U12'!J8*'U12'!J$4, 0) + IF('U13'!$A$4="1ª", 'U13'!J8*'U13'!J$4, 0) + IF('U14'!$A$4="1ª", 'U14'!J8*'U14'!J$4, 0) + IF('U15'!$A$4="1ª", 'U15'!J8*'U15'!J$4, 0) ) /$CB$12 ) /T$13, "") -> 0 | V22: =IF(V$13>0, ( ( IF('U1'!$A$4="1ª", 'U1'!K8*'U1'!K$4, 0) + IF('U2'!$A$4="1ª", 'U2'!K8*'U2'!K$4, 0) + IF('U3'!$A$4="1ª", 'U3'!K8*'U3'!K$4, 0) + IF('U4'!$A$4="1ª", 'U4'!K8*'U4'!K$4, 0) + IF('U5'!$A$4="1ª", 'U5'!K8*'U5'!K$4, 0) + IF('U6'!$A$4="1ª", 'U6'!K8*'U6'!K$4, 0) + IF('U7'!$A$4="1ª", 'U7'!K8*'U7'!K$4, 0) + IF('U8'!$A$4="1ª", 'U8'!K8*'U8'!K$4, 0) + IF('U9'!$A$4="1ª", 'U9'!K8*'U9'!K$4, 0) + IF('U10'!$A$4="1ª", 'U10'!K8*'U10'!K$4, 0) + IF('U11'!$A$4="1ª", 'U11'!K8*'U11'!K$4, 0) + IF('U12'!$A$4="1ª", 'U12'!K8*'U12'!K$4, 0) + IF('U13'!$A$4="1ª", 'U13'!K8*'U13'!K$4, 0) + IF('U14'!$A$4="1ª", 'U14'!K8*'U14'!K$4, 0) + IF('U15'!$A$4="1ª", 'U15'!K8*'U15'!K$4, 0) ) /$CB$12 ) /V$13, "") -> 0 | X22: =IF(X$13>0, ( ( IF('U1'!$A$4="1ª", 'U1'!L8*'U1'!L$4, 0) + IF('U2'!$A$4="1ª", 'U2'!L8*'U2'!L$4, 0) + IF('U3'!$A$4="1ª", 'U3'!L8*'U3'!L$4, 0) + IF('U4'!$A$4="1ª", 'U4'!L8*'U4'!L$4, 0) + IF('U5'!$A$4="1ª", 'U5'!L8*'U5'!L$4, 0) + IF('U6'!$A$4="1ª", 'U6'!L8*'U6'!L$4, 0) + IF('U7'!$A$4="1ª", 'U7'!L8*'U7'!L$4, 0) + IF('U8'!$A$4="1ª", 'U8'!L8*'U8'!L$4, 0) + IF('U9'!$A$4="1ª", 'U9'!L8*'U9'!L$4, 0) + IF('U10'!$A$4="1ª", 'U10'!L8*'U10'!L$4, 0) + IF('U11'!$A$4="1ª", 'U11'!L8*'U11'!L$4, 0) + IF('U12'!$A$4="1ª", 'U12'!L8*'U12'!L$4, 0) + IF('U13'!$A$4="1ª", 'U13'!L8*'U13'!L$4, 0) + IF('U14'!$A$4="1ª", 'U14'!L8*'U14'!L$4, 0) + IF('U15'!$A$4="1ª", 'U15'!L8*'U15'!L$4, 0) ) /$CB$12 ) /X$13, "") | Z22: =IF(Z$13>0, ( ( IF('U1'!$A$4="1ª", 'U1'!M8*'U1'!M$4, 0) + IF('U2'!$A$4="1ª", 'U2'!M8*'U2'!M$4, 0) + IF('U3'!$A$4="1ª", 'U3'!M8*'U3'!M$4, 0) + IF('U4'!$A$4="1ª", 'U4'!M8*'U4'!M$4, 0) + IF('U5'!$A$4="1ª", 'U5'!M8*'U5'!M$4, 0) + IF('U6'!$A$4="1ª", 'U6'!M8*'U6'!M$4, 0) + IF('U7'!$A$4="1ª", 'U7'!M8*'U7'!M$4, 0) + IF('U8'!$A$4="1ª", 'U8'!M8*'U8'!M$4, 0) + IF('U9'!$A$4="1ª", 'U9'!M8*'U9'!M$4, 0) + IF('U10'!$A$4="1ª", 'U10'!M8*'U10'!M$4, 0) + IF('U11'!$A$4="1ª", 'U11'!M8*'U11'!M$4, 0) + IF('U12'!$A$4="1ª", 'U12'!M8*'U12'!M$4, 0) + IF('U13'!$A$4="1ª", 'U13'!M8*'U13'!M$4, 0) + IF('U14'!$A$4="1ª", 'U14'!M8*'U14'!M$4, 0) + IF('U15'!$A$4="1ª", 'U15'!M8*'U15'!M$4, 0) ) /$CB$12 ) /Z$13, "") | AB22: =IFERROR(SUM( MAX(AC22,AD22)*AC$13, MAX(AE22,AF22)*AE$13, MAX(AG22,AH22)*AG$13, MAX(AI22,AJ22)*AI$13, MAX(AK22,AL22)*AK$13, MAX(AM22,AN22)*AM$13 )/AB$14,"") -> 0 | AC22: =IF(AC$13>0, ( ( IF('U1'!$A$4="1ª", 'U1'!N8*'U1'!N$4, 0) + IF('U2'!$A$4="1ª", 'U2'!N8*'U2'!N$4, 0) + IF('U3'!$A$4="1ª", 'U3'!N8*'U3'!N$4, 0) + IF('U4'!$A$4="1ª", 'U4'!N8*'U4'!N$4, 0) + IF('U5'!$A$4="1ª", 'U5'!N8*'U5'!N$4, 0) + IF('U6'!$A$4="1ª", 'U6'!N8*'U6'!N$4, 0) + IF('U7'!$A$4="1ª", 'U7'!N8*'U7'!N$4, 0) + IF('U8'!$A$4="1ª", 'U8'!N8*'U8'!N$4, 0) + IF('U9'!$A$4="1ª", 'U9'!N8*'U9'!N$4, 0) + IF('U10'!$A$4="1ª", 'U10'!N8*'U10'!N$4, 0) + IF('U11'!$A$4="1ª", 'U11'!N8*'U11'!N$4, 0) + IF('U12'!$A$4="1ª", 'U12'!N8*'U12'!N$4, 0) + IF('U13'!$A$4="1ª", 'U13'!N8*'U13'!N$4, 0) + IF('U14'!$A$4="1ª", 'U14'!N8*'U14'!N$4, 0) + IF('U15'!$A$4="1ª", 'U15'!N8*'U15'!N$4, 0) ) /$CB$12 ) /AC$13, "") | AE22: =IF(AE$13>0, ( ( IF('U1'!$A$4="1ª", 'U1'!O8*'U1'!O$4, 0)+ IF('U2'!$A$4="1ª", 'U2'!O8*'U2'!O$4, 0)+ IF('U3'!$A$4="1ª", 'U3'!O8*'U3'!O$4, 0)+ IF('U4'!$A$4="1ª", 'U4'!O8*'U4'!O$4, 0)+ IF('U5'!$A$4="1ª", 'U5'!O8*'U5'!O$4, 0)+ IF('U6'!$A$4="1ª", 'U6'!O8*'U6'!O$4, 0)+ IF('U7'!$A$4="1ª", 'U7'!O8*'U7'!O$4, 0)+ IF('U8'!$A$4="1ª", 'U8'!O8*'U8'!O$4, 0)+ IF('U9'!$A$4="1ª", 'U9'!O8*'U9'!O$4, 0)+ IF('U10'!$A$4="1ª", 'U10'!O8*'U10'!O$4, 0)+ IF('U11'!$A$4="1ª", 'U11'!O8*'U11'!O$4, 0)+ IF('U12'!$A$4="1ª", 'U12'!O8*'U12'!O$4, 0)+ IF('U13'!$A$4="1ª", 'U13'!O8*'U13'!O$4, 0)+ IF('U14'!$A$4="1ª", 'U14'!O8*'U14'!O$4, 0)+ IF('U15'!$A$4="1ª", 'U15'!O8*'U15'!O$4, 0) ) /$CB$12 ) /AE$13, "") | AG22: =IF(AG$13>0, ( ( IF('U1'!$A$4="1ª", 'U1'!P8*'U1'!P$4, 0)+ IF('U2'!$A$4="1ª", 'U2'!P8*'U2'!P$4, 0)+ IF('U3'!$A$4="1ª", 'U3'!P8*'U3'!P$4, 0)+ IF('U4'!$A$4="1ª", 'U4'!P8*'U4'!P$4, 0)+ IF('U5'!$A$4="1ª", 'U5'!P8*'U5'!P$4, 0)+ IF('U6'!$A$4="1ª", 'U6'!P8*'U6'!P$4, 0)+ IF('U7'!$A$4="1ª", 'U7'!P8*'U7'!P$4, 0)+ IF('U8'!$A$4="1ª", 'U8'!P8*'U8'!P$4, 0)+ IF('U9'!$A$4="1ª", 'U9'!P8*'U9'!P$4, 0)+ IF('U10'!$A$4="1ª", 'U10'!P8*'U10'!P$4, 0)+ IF('U11'!$A$4="1ª", 'U11'!P8*'U11'!P$4, 0)+ IF('U12'!$A$4="1ª", 'U12'!P8*'U12'!P$4, 0)+ IF('U13'!$A$4="1ª", 'U13'!P8*'U13'!P$4, 0)+ IF('U14'!$A$4="1ª", 'U14'!P8*'U14'!P$4, 0)+ IF('U15'!$A$4="1ª", 'U15'!P8*'U15'!P$4, 0) ) /$CB$12 ) /AG$13, "") | AI22: =IF(AI$13>0, ( ( IF('U1'!$A$4="1ª", 'U1'!Q8*'U1'!Q$4, 0)+ IF('U2'!$A$4="1ª", 'U2'!Q8*'U2'!Q$4, 0)+ IF('U3'!$A$4="1ª", 'U3'!Q8*'U3'!Q$4, 0)+ IF('U4'!$A$4="1ª", 'U4'!Q8*'U4'!Q$4, 0)+ IF('U5'!$A$4="1ª", 'U5'!Q8*'U5'!Q$4, 0)+ IF('U6'!$A$4="1ª", 'U6'!Q8*'U6'!Q$4, 0)+ IF('U7'!$A$4="1ª", 'U7'!Q8*'U7'!Q$4, 0)+ IF('U8'!$A$4="1ª", 'U8'!Q8*'U8'!Q$4, 0)+ IF('U9'!$A$4="1ª", 'U9'!Q8*'U9'!Q$4, 0)+ IF('U10'!$A$4="1ª", 'U10'!Q8*'U10'!Q$4, 0)+ IF('U11'!$A$4="1ª", 'U11'!Q8*'U11'!Q$4, 0)+ IF('U12'!$A$4="1ª", 'U12'!Q8*'U12'!Q$4, 0)+ IF('U13'!$A$4="1ª", 'U13'!Q8*'U13'!Q$4, 0)+ IF('U14'!$A$4="1ª", 'U14'!Q8*'U14'!Q$4, 0)+ IF('U15'!$A$4="1ª", 'U15'!Q8*'U15'!Q$4, 0) ) /$CB$12 ) /AI$13, "") -> 0 | AK22: =IF(AK$13>0, ( ( IF('U1'!$A$4="1ª", 'U1'!R8*'U1'!R$4, 0)+ IF('U2'!$A$4="1ª", 'U2'!R8*'U2'!R$4, 0)+ IF('U3'!$A$4="1ª", 'U3'!R8*'U3'!R$4, 0)+ IF('U4'!$A$4="1ª", 'U4'!R8*'U4'!R$4, 0)+ IF('U5'!$A$4="1ª", 'U5'!R8*'U5'!R$4, 0)+ IF('U6'!$A$4="1ª", 'U6'!R8*'U6'!R$4, 0)+ IF('U7'!$A$4="1ª", 'U7'!R8*'U7'!R$4, 0)+ IF('U8'!$A$4="1ª", 'U8'!R8*'U8'!R$4, 0)+ IF('U9'!$A$4="1ª", 'U9'!R8*'U9'!R$4, 0)+ IF('U10'!$A$4="1ª", 'U10'!R8*'U10'!R$4, 0)+ IF('U11'!$A$4="1ª", 'U11'!R8*'U11'!R$4, 0)+ IF('U12'!$A$4="1ª", 'U12'!R8*'U12'!R$4, 0)+ IF('U13'!$A$4="1ª", 'U13'!R8*'U13'!R$4, 0)+ IF('U14'!$A$4="1ª", 'U14'!R8*'U14'!R$4, 0)+ IF('U15'!$A$4="1ª", 'U15'!R8*'U15'!R$4, 0) ) /$CB$12 ) /AK$13, "") -> 0 | AM22: =IF(AM$13>0, ( ( IF('U1'!$A$4="1ª", 'U1'!S8*'U1'!S$4, 0)+ IF('U2'!$A$4="1ª", 'U2'!S8*'U2'!S$4, 0)+ IF('U3'!$A$4="1ª", 'U3'!S8*'U3'!S$4, 0)+ IF('U4'!$A$4="1ª", 'U4'!S8*'U4'!S$4, 0)+ IF('U5'!$A$4="1ª", 'U5'!S8*'U5'!S$4, 0)+ IF('U6'!$A$4="1ª", 'U6'!S8*'U6'!S$4, 0)+ IF('U7'!$A$4="1ª", 'U7'!S8*'U7'!S$4, 0)+ IF('U8'!$A$4="1ª", 'U8'!S8*'U8'!S$4, 0)+ IF('U9'!$A$4="1ª", 'U9'!S8*'U9'!S$4, 0)+ IF('U10'!$A$4="1ª", 'U10'!S8*'U10'!S$4, 0)+ IF('U11'!$A$4="1ª", 'U11'!S8*'U11'!S$4, 0)+ IF('U12'!$A$4="1ª", 'U12'!S8*'U12'!S$4, 0)+ IF('U13'!$A$4="1ª", 'U13'!S8*'U13'!S$4, 0)+ IF('U14'!$A$4="1ª", 'U14'!S8*'U14'!S$4, 0)+ IF('U15'!$A$4="1ª", 'U15'!S8*'U15'!S$4, 0) ) /$CB$12 ) /AM$13, "") | AO22: =IFERROR(SUM( MAX(AP22,AQ22)*AP$13, MAX(AR22,AS22)*AR$13, MAX(AT22,AU22)*AT$13, MAX(AV22,AW22)*AV$13, MAX(AX22,AY22)*AX$13, MAX(AZ22,BA22)*AZ$13 )/AO$14,"") -> 0 | AP22: =IF(AP$13>0, ( ( IF('U1'!$A$4="1ª", 'U1'!T8*'U1'!T$4, 0) + IF('U2'!$A$4="1ª", 'U2'!T8*'U2'!T$4, 0) + IF('U3'!$A$4="1ª", 'U3'!T8*'U3'!T$4, 0) + IF('U4'!$A$4="1ª", 'U4'!T8*'U4'!T$4, 0) + IF('U5'!$A$4="1ª", 'U5'!T8*'U5'!T$4, 0) + IF('U6'!$A$4="1ª", 'U6'!T8*'U6'!T$4, 0) + IF('U7'!$A$4="1ª", 'U7'!T8*'U7'!T$4, 0) + IF('U8'!$A$4="1ª", 'U8'!T8*'U8'!T$4, 0) + IF('U9'!$A$4="1ª", 'U9'!T8*'U9'!T$4, 0) + IF('U10'!$A$4="1ª", 'U10'!T8*'U10'!T$4, 0) + IF('U11'!$A$4="1ª", 'U11'!T8*'U11'!T$4, 0) + IF('U12'!$A$4="1ª", 'U12'!T8*'U12'!T$4, 0) + IF('U13'!$A$4="1ª", 'U13'!T8*'U13'!T$4, 0) + IF('U14'!$A$4="1ª", 'U14'!T8*'U14'!T$4, 0) + IF('U15'!$A$4="1ª", 'U15'!T8*'U15'!T$4, 0) ) /$CB$12 ) / AP$13, "") -> 0 | AR22: =IF(AR$13>0, ( ( IF('U1'!$A$4="1ª", 'U1'!U8*'U1'!U$4, 0)+ IF('U2'!$A$4="1ª", 'U2'!U8*'U2'!U$4, 0)+ IF('U3'!$A$4="1ª", 'U3'!U8*'U3'!U$4, 0)+ IF('U4'!$A$4="1ª", 'U4'!U8*'U4'!U$4, 0)+ IF('U5'!$A$4="1ª", 'U5'!U8*'U5'!U$4, 0)+ IF('U6'!$A$4="1ª", 'U6'!U8*'U6'!U$4, 0)+ IF('U7'!$A$4="1ª", 'U7'!U8*'U7'!U$4, 0)+ IF('U8'!$A$4="1ª", 'U8'!U8*'U8'!U$4, 0)+ IF('U9'!$A$4="1ª", 'U9'!U8*'U9'!U$4, 0)+ IF('U10'!$A$4="1ª", 'U10'!U8*'U10'!U$4, 0)+ IF('U11'!$A$4="1ª", 'U11'!U8*'U11'!U$4, 0)+ IF('U12'!$A$4="1ª", 'U12'!U8*'U12'!U$4, 0)+ IF('U13'!$A$4="1ª", 'U13'!U8*'U13'!U$4, 0)+ IF('U14'!$A$4="1ª", 'U14'!U8*'U14'!U$4, 0)+ IF('U15'!$A$4="1ª", 'U15'!U8*'U15'!U$4, 0) ) /$CB$12 ) /AR$13, "") -> 0 | AT22: =IF(AT$13>0, ( ( IF('U1'!$A$4="1ª", 'U1'!V8*'U1'!V$4, 0)+ IF('U2'!$A$4="1ª", 'U2'!V8*'U2'!V$4, 0)+ IF('U3'!$A$4="1ª", 'U3'!V8*'U3'!V$4, 0)+ IF('U4'!$A$4="1ª", 'U4'!V8*'U4'!V$4, 0)+ IF('U5'!$A$4="1ª", 'U5'!V8*'U5'!V$4, 0)+ IF('U6'!$A$4="1ª", 'U6'!V8*'U6'!V$4, 0)+ IF('U7'!$A$4="1ª", 'U7'!V8*'U7'!V$4, 0)+ IF('U8'!$A$4="1ª", 'U8'!V8*'U8'!V$4, 0)+ IF('U9'!$A$4="1ª", 'U9'!V8*'U9'!V$4, 0)+ IF('U10'!$A$4="1ª", 'U10'!V8*'U10'!V$4, 0)+ IF('U11'!$A$4="1ª", 'U11'!V8*'U11'!V$4, 0)+ IF('U12'!$A$4="1ª", 'U12'!V8*'U12'!V$4, 0)+ IF('U13'!$A$4="1ª", 'U13'!V8*'U13'!V$4, 0)+ IF('U14'!$A$4="1ª", 'U14'!V8*'U14'!V$4, 0)+ IF('U15'!$A$4="1ª", 'U15'!V8*'U15'!V$4, 0) ) /$CB$12 ) /AT$13, "") | AV22: =IF(AV$13>0, ( ( IF('U1'!$A$4="1ª", 'U1'!W8*'U1'!W$4, 0)+ IF('U2'!$A$4="1ª", 'U2'!W8*'U2'!W$4, 0)+ IF('U3'!$A$4="1ª", 'U3'!W8*'U3'!W$4, 0)+ IF('U4'!$A$4="1ª", 'U4'!W8*'U4'!W$4, 0)+ IF('U5'!$A$4="1ª", 'U5'!W8*'U5'!W$4, 0)+ IF('U6'!$A$4="1ª", 'U6'!W8*'U6'!W$4, 0)+ IF('U7'!$A$4="1ª", 'U7'!W8*'U7'!W$4, 0)+ IF('U8'!$A$4="1ª", 'U8'!W8*'U8'!W$4, 0)+ IF('U9'!$A$4="1ª", 'U9'!W8*'U9'!W$4, 0)+ IF('U10'!$A$4="1ª", 'U10'!W8*'U10'!W$4, 0)+ IF('U11'!$A$4="1ª", 'U11'!W8*'U11'!W$4, 0)+ IF('U12'!$A$4="1ª", 'U12'!W8*'U12'!W$4, 0)+ IF('U13'!$A$4="1ª", 'U13'!W8*'U13'!W$4, 0)+ IF('U14'!$A$4="1ª", 'U14'!W8*'U14'!W$4, 0)+ IF('U15'!$A$4="1ª", 'U15'!W8*'U15'!W$4, 0) ) /$CB$12 ) /AV$13, "") -> 0 | AX22: =IF(AX$13>0, ( ( IF('U1'!$A$4="1ª", 'U1'!X8*'U1'!X$4, 0)+ IF('U2'!$A$4="1ª", 'U2'!X8*'U2'!X$4, 0)+ IF('U3'!$A$4="1ª", 'U3'!X8*'U3'!X$4, 0)+ IF('U4'!$A$4="1ª", 'U4'!X8*'U4'!X$4, 0)+ IF('U5'!$A$4="1ª", 'U5'!X8*'U5'!X$4, 0)+ IF('U6'!$A$4="1ª", 'U6'!X8*'U6'!X$4, 0)+ IF('U7'!$A$4="1ª", 'U7'!X8*'U7'!X$4, 0)+ IF('U8'!$A$4="1ª", 'U8'!X8*'U8'!X$4, 0)+ IF('U9'!$A$4="1ª", 'U9'!X8*'U9'!X$4, 0)+ IF('U10'!$A$4="1ª", 'U10'!X8*'U10'!X$4, 0)+ IF('U11'!$A$4="1ª", 'U11'!X8*'U11'!X$4, 0)+ IF('U12'!$A$4="1ª", 'U12'!X8*'U12'!X$4, 0)+ IF('U13'!$A$4="1ª", 'U13'!X8*'U13'!X$4, 0)+ IF('U14'!$A$4="1ª", 'U14'!X8*'U14'!X$4, 0)+ IF('U15'!$A$4="1ª", 'U15'!X8*'U15'!X$4, 0) ) /$CB$12 ) /AX$13, "") | AZ22: =IF(AZ$13>0, ( ( IF('U1'!$A$4="1ª", 'U1'!Y8*'U1'!Y$4, 0)+ IF('U2'!$A$4="1ª", 'U2'!Y8*'U2'!Y$4, 0)+ IF('U3'!$A$4="1ª", 'U3'!Y8*'U3'!Y$4, 0)+ IF('U4'!$A$4="1ª", 'U4'!Y8*'U4'!Y$4, 0)+ IF('U5'!$A$4="1ª", 'U5'!Y8*'U5'!Y$4, 0)+ IF('U6'!$A$4="1ª", 'U6'!Y8*'U6'!Y$4, 0)+ IF('U7'!$A$4="1ª", 'U7'!Y8*'U7'!Y$4, 0)+ IF('U8'!$A$4="1ª", 'U8'!Y8*'U8'!Y$4, 0)+ IF('U9'!$A$4="1ª", 'U9'!Y8*'U9'!Y$4, 0)+ IF('U10'!$A$4="1ª", 'U10'!Y8*'U10'!Y$4, 0)+ IF('U11'!$A$4="1ª", 'U11'!Y8*'U11'!Y$4, 0)+ IF('U12'!$A$4="1ª", 'U12'!Y8*'U12'!Y$4, 0)+ IF('U13'!$A$4="1ª", 'U13'!Y8*'U13'!Y$4, 0)+ IF('U14'!$A$4="1ª", 'U14'!Y8*'U14'!Y$4, 0)+ IF('U15'!$A$4="1ª", 'U15'!Y8*'U15'!Y$4, 0) ) /$CB$12 ) /AZ$13, "") | BB22: =IFERROR(SUM( MAX(BC22,BD22)*BC$13, MAX(BE22,BF22)*BE$13, MAX(BG22,BH22)*BG$13, MAX(BI22,BJ22)*BI$13, MAX(BK22,BL22)*BK$13, MAX(BM22,BN22)*BM$13 )/BB$14,"") -> 0 | BC22: =IF(BC$13>0, ( ( IF('U1'!$A$4="1ª", 'U1'!Z8*'U1'!Z$4, 0)+ IF('U2'!$A$4="1ª", 'U2'!Z8*'U2'!Z$4, 0)+ IF('U3'!$A$4="1ª", 'U3'!Z8*'U3'!Z$4, 0)+ IF('U4'!$A$4="1ª", 'U4'!Z8*'U4'!Z$4, 0)+ IF('U5'!$A$4="1ª", 'U5'!Z8*'U5'!Z$4, 0)+ IF('U6'!$A$4="1ª", 'U6'!Z8*'U6'!Z$4, 0)+ IF('U7'!$A$4="1ª", 'U7'!Z8*'U7'!Z$4, 0)+ IF('U8'!$A$4="1ª", 'U8'!Z8*'U8'!Z$4, 0)+ IF('U9'!$A$4="1ª", 'U9'!Z8*'U9'!Z$4, 0)+ IF('U10'!$A$4="1ª", 'U10'!Z8*'U10'!Z$4, 0)+ IF('U11'!$A$4="1ª", 'U11'!Z8*'U11'!Z$4, 0)+ IF('U12'!$A$4="1ª", 'U12'!Z8*'U12'!Z$4, 0)+ IF('U13'!$A$4="1ª", 'U13'!Z8*'U13'!Z$4, 0)+ IF('U14'!$A$4="1ª", 'U14'!Z8*'U14'!Z$4, 0)+ IF('U15'!$A$4="1ª", 'U15'!Z8*'U15'!Z$4, 0) ) /$CB$12 ) /BC$13, "") | BE22: =IF(BE$13>0, ( ( IF('U1'!$A$4="1ª", 'U1'!AA8*'U1'!AA$4, 0)+ IF('U2'!$A$4="1ª", 'U2'!AA8*'U2'!AA$4, 0)+ IF('U3'!$A$4="1ª", 'U3'!AA8*'U3'!AA$4, 0)+ IF('U4'!$A$4="1ª", 'U4'!AA8*'U4'!AA$4, 0)+ IF('U5'!$A$4="1ª", 'U5'!AA8*'U5'!AA$4, 0)+ IF('U6'!$A$4="1ª", 'U6'!AA8*'U6'!AA$4, 0)+ IF('U7'!$A$4="1ª", 'U7'!AA8*'U7'!AA$4, 0)+ IF('U8'!$A$4="1ª", 'U8'!AA8*'U8'!AA$4, 0)+ IF('U9'!$A$4="1ª", 'U9'!AA8*'U9'!AA$4, 0)+ IF('U10'!$A$4="1ª", 'U10'!AA8*'U10'!AA$4, 0)+ IF('U11'!$A$4="1ª", 'U11'!AA8*'U11'!AA$4, 0)+ IF('U12'!$A$4="1ª", 'U12'!AA8*'U12'!AA$4, 0)+ IF('U13'!$A$4="1ª", 'U13'!AA8*'U13'!AA$4, 0)+ IF('U14'!$A$4="1ª", 'U14'!AA8*'U14'!AA$4, 0)+ IF('U15'!$A$4="1ª", 'U15'!AA8*'U15'!AA$4, 0) ) /$CB$12 ) /BE$13, "") | BG22: =IF(BG$13>0, ( ( IF('U1'!$A$4="1ª", 'U1'!AB8*'U1'!AB$4, 0)+ IF('U2'!$A$4="1ª", 'U2'!AB8*'U2'!AB$4, 0)+ IF('U3'!$A$4="1ª", 'U3'!AB8*'U3'!AB$4, 0)+ IF('U4'!$A$4="1ª", 'U4'!AB8*'U4'!AB$4, 0)+ IF('U5'!$A$4="1ª", 'U5'!AB8*'U5'!AB$4, 0)+ IF('U6'!$A$4="1ª", 'U6'!AB8*'U6'!AB$4, 0)+ IF('U7'!$A$4="1ª", 'U7'!AB8*'U7'!AB$4, 0)+ IF('U8'!$A$4="1ª", 'U8'!AB8*'U8'!AB$4, 0)+ IF('U9'!$A$4="1ª", 'U9'!AB8*'U9'!AB$4, 0)+ IF('U10'!$A$4="1ª", 'U10'!AB8*'U10'!AB$4, 0)+ IF('U11'!$A$4="1ª", 'U11'!AB8*'U11'!AB$4, 0)+ IF('U12'!$A$4="1ª", 'U12'!AB8*'U12'!AB$4, 0)+ IF('U13'!$A$4="1ª", 'U13'!AB8*'U13'!AB$4, 0)+ IF('U14'!$A$4="1ª", 'U14'!AB8*'U14'!AB$4, 0)+ IF('U15'!$A$4="1ª", 'U15'!AB8*'U15'!AB$4, 0) ) /$CB$12 ) /BG$13, "") | BI22: =IF(BI$13>0, ( ( IF('U1'!$A$4="1ª", 'U1'!AC8*'U1'!AC$4, 0)+ IF('U2'!$A$4="1ª", 'U2'!AC8*'U2'!AC$4, 0)+ IF('U3'!$A$4="1ª", 'U3'!AC8*'U3'!AC$4, 0)+ IF('U4'!$A$4="1ª", 'U4'!AC8*'U4'!AC$4, 0)+ IF('U5'!$A$4="1ª", 'U5'!AC8*'U5'!AC$4, 0)+ IF('U6'!$A$4="1ª", 'U6'!AC8*'U6'!AC$4, 0)+ IF('U7'!$A$4="1ª", 'U7'!AC8*'U7'!AC$4, 0)+ IF('U8'!$A$4="1ª", 'U8'!AC8*'U8'!AC$4, 0)+ IF('U9'!$A$4="1ª", 'U9'!AC8*'U9'!AC$4, 0)+ IF('U10'!$A$4="1ª", 'U10'!AC8*'U10'!AC$4, 0)+ IF('U11'!$A$4="1ª", 'U11'!AC8*'U11'!AC$4, 0)+ IF('U12'!$A$4="1ª", 'U12'!AC8*'U12'!AC$4, 0)+ IF('U13'!$A$4="1ª", 'U13'!AC8*'U13'!AC$4, 0)+ IF('U14'!$A$4="1ª", 'U14'!AC8*'U14'!AC$4, 0)+ IF('U15'!$A$4="1ª", 'U15'!AC8*'U15'!AC$4, 0) ) /$CB$12 ) /BI$13, "") -> 0 | BK22: =IF(BK$13>0, ( ( IF('U1'!$A$4="1ª", 'U1'!AD8*'U1'!AD$4, 0)+ IF('U2'!$A$4="1ª", 'U2'!AD8*'U2'!AD$4, 0)+ IF('U3'!$A$4="1ª", 'U3'!AD8*'U3'!AD$4, 0)+ IF('U4'!$A$4="1ª", 'U4'!AD8*'U4'!AD$4, 0)+ IF('U5'!$A$4="1ª", 'U5'!AD8*'U5'!AD$4, 0)+ IF('U6'!$A$4="1ª", 'U6'!AD8*'U6'!AD$4, 0)+ IF('U7'!$A$4="1ª", 'U7'!AD8*'U7'!AD$4, 0)+ IF('U8'!$A$4="1ª", 'U8'!AD8*'U8'!AD$4, 0)+ IF('U9'!$A$4="1ª", 'U9'!AD8*'U9'!AD$4, 0)+ IF('U10'!$A$4="1ª", 'U10'!AD8*'U10'!AD$4, 0)+ IF('U11'!$A$4="1ª", 'U11'!AD8*'U11'!AD$4, 0)+ IF('U12'!$A$4="1ª", 'U12'!AD8*'U12'!AD$4, 0)+ IF('U13'!$A$4="1ª", 'U13'!AD8*'U13'!AD$4, 0)+ IF('U14'!$A$4="1ª", 'U14'!AD8*'U14'!AD$4, 0)+ IF('U15'!$A$4="1ª", 'U15'!AD8*'U15'!AD$4, 0) ) /$CB$12 ) /BK$13, "") | BM22: =IF(BM$13>0, ( ( IF('U1'!$A$4="1ª", 'U1'!AE8*'U1'!AE$4, 0)+ IF('U2'!$A$4="1ª", 'U2'!AE8*'U2'!AE$4, 0)+ IF('U3'!$A$4="1ª", 'U3'!AE8*'U3'!AE$4, 0)+ IF('U4'!$A$4="1ª", 'U4'!AE8*'U4'!AE$4, 0)+ IF('U5'!$A$4="1ª", 'U5'!AE8*'U5'!AE$4, 0)+ IF('U6'!$A$4="1ª", 'U6'!AE8*'U6'!AE$4, 0)+ IF('U7'!$A$4="1ª", 'U7'!AE8*'U7'!AE$4, 0)+ IF('U8'!$A$4="1ª", 'U8'!AE8*'U8'!AE$4, 0)+ IF('U9'!$A$4="1ª", 'U9'!AE8*'U9'!AE$4, 0)+ IF('U10'!$A$4="1ª", 'U10'!AE8*'U10'!AE$4, 0)+ IF('U11'!$A$4="1ª", 'U11'!AE8*'U11'!AE$4, 0)+ IF('U12'!$A$4="1ª", 'U12'!AE8*'U12'!AE$4, 0)+ IF('U13'!$A$4="1ª", 'U13'!AE8*'U13'!AE$4, 0)+ IF('U14'!$A$4="1ª", 'U14'!AE8*'U14'!AE$4, 0)+ IF('U15'!$A$4="1ª", 'U15'!AE8*'U15'!AE$4, 0) ) /$CB$12 ) /BM$13, "") | BO22: =IFERROR(SUM( MAX(BP22,BQ22)*BP$13, MAX(BR22,BS22)*BR$13, MAX(BT22,BU22)*BT$13, MAX(BV22,BW22)*BV$13, MAX(BX22,BY22)*BX$13, MAX(BZ22,CA22)*BZ$13 )/BO$14,"") | BP22: =IF(BP$13>0, ( ( IF('U1'!$A$4="1ª", 'U1'!AF8*'U1'!AF$4, 0)+ IF('U2'!$A$4="1ª", 'U2'!AF8*'U2'!AF$4, 0)+ IF('U3'!$A$4="1ª", 'U3'!AF8*'U3'!AF$4, 0)+ IF('U4'!$A$4="1ª", 'U4'!AF8*'U4'!AF$4, 0)+ IF('U5'!$A$4="1ª", 'U5'!AF8*'U5'!AF$4, 0)+ IF('U6'!$A$4="1ª", 'U6'!AF8*'U6'!AF$4, 0)+ IF('U7'!$A$4="1ª", 'U7'!AF8*'U7'!AF$4, 0)+ IF('U8'!$A$4="1ª", 'U8'!AF8*'U8'!AF$4, 0)+ IF('U9'!$A$4="1ª", 'U9'!AF8*'U9'!AF$4, 0)+ IF('U10'!$A$4="1ª", 'U10'!AF8*'U10'!AF$4, 0)+ IF('U11'!$A$4="1ª", 'U11'!AF8*'U11'!AF$4, 0)+ IF('U12'!$A$4="1ª", 'U12'!AF8*'U12'!AF$4, 0)+ IF('U13'!$A$4="1ª", 'U13'!AF8*'U13'!AF$4, 0)+ IF('U14'!$A$4="1ª", 'U14'!AF8*'U14'!AF$4, 0)+ IF('U15'!$A$4="1ª", 'U15'!AF8*'U15'!AF$4, 0) ) /$CB$12 ) /BP$13, "") | BR22: =IF(BR$13>0, ( ( IF('U1'!$A$4="1ª", 'U1'!AG8*'U1'!AG$4, 0)+ IF('U2'!$A$4="1ª", 'U2'!AG8*'U2'!AG$4, 0)+ IF('U3'!$A$4="1ª", 'U3'!AG8*'U3'!AG$4, 0)+ IF('U4'!$A$4="1ª", 'U4'!AG8*'U4'!AG$4, 0)+ IF('U5'!$A$4="1ª", 'U5'!AG8*'U5'!AG$4, 0)+ IF('U6'!$A$4="1ª", 'U6'!AG8*'U6'!AG$4, 0)+ IF('U7'!$A$4="1ª", 'U7'!AG8*'U7'!AG$4, 0)+ IF('U8'!$A$4="1ª", 'U8'!AG8*'U8'!AG$4, 0)+ IF('U9'!$A$4="1ª", 'U9'!AG8*'U9'!AG$4, 0)+ IF('U10'!$A$4="1ª", 'U10'!AG8*'U10'!AG$4, 0)+ IF('U11'!$A$4="1ª", 'U11'!AG8*'U11'!AG$4, 0)+ IF('U12'!$A$4="1ª", 'U12'!AG8*'U12'!AG$4, 0)+ IF('U13'!$A$4="1ª", 'U13'!AG8*'U13'!AG$4, 0)+ IF('U14'!$A$4="1ª", 'U14'!AG8*'U14'!AG$4, 0)+ IF('U15'!$A$4="1ª", 'U15'!AG8*'U15'!AG$4, 0) ) /$CB$12 ) /BR$13, "") | BT22: =IF(BT$13>0, ( ( IF('U1'!$A$4="1ª", 'U1'!AH8*'U1'!AH$4, 0)+ IF('U2'!$A$4="1ª", 'U2'!AH8*'U2'!AH$4, 0)+ IF('U3'!$A$4="1ª", 'U3'!AH8*'U3'!AH$4, 0)+ IF('U4'!$A$4="1ª", 'U4'!AH8*'U4'!AH$4, 0)+ IF('U5'!$A$4="1ª", 'U5'!AH8*'U5'!AH$4, 0)+ IF('U6'!$A$4="1ª", 'U6'!AH8*'U6'!AH$4, 0)+ IF('U7'!$A$4="1ª", 'U7'!AH8*'U7'!AH$4, 0)+ IF('U8'!$A$4="1ª", 'U8'!AH8*'U8'!AH$4, 0)+ IF('U9'!$A$4="1ª", 'U9'!AH8*'U9'!AH$4, 0)+ IF('U10'!$A$4="1ª", 'U10'!AH8*'U10'!AH$4, 0)+ IF('U11'!$A$4="1ª", 'U11'!AH8*'U11'!AH$4, 0)+ IF('U12'!$A$4="1ª", 'U12'!AH8*'U12'!AH$4, 0)+ IF('U13'!$A$4="1ª", 'U13'!AH8*'U13'!AH$4, 0)+ IF('U14'!$A$4="1ª", 'U14'!AH8*'U14'!AH$4, 0)+ IF('U15'!$A$4="1ª", 'U15'!AH8*'U15'!AH$4, 0) ) /$CB$12 ) /BT$13, "") | BV22: =IF(BT$13>0, ( ( IF('U1'!$A$4="1ª", 'U1'!AH8*'U1'!AH$4, 0)+ IF('U2'!$A$4="1ª", 'U2'!AH8*'U2'!AH$4, 0)+ IF('U3'!$A$4="1ª", 'U3'!AH8*'U3'!AH$4, 0)+ IF('U4'!$A$4="1ª", 'U4'!AH8*'U4'!AH$4, 0)+ IF('U5'!$A$4="1ª", 'U5'!AH8*'U5'!AH$4, 0)+ IF('U6'!$A$4="1ª", 'U6'!AH8*'U6'!AH$4, 0)+ IF('U7'!$A$4="1ª", 'U7'!AH8*'U7'!AH$4, 0)+ IF('U8'!$A$4="1ª", 'U8'!AH8*'U8'!AH$4, 0)+ IF('U9'!$A$4="1ª", 'U9'!AH8*'U9'!AH$4, 0)+ IF('U10'!$A$4="1ª", 'U10'!AH8*'U10'!AH$4, 0)+ IF('U11'!$A$4="1ª", 'U11'!AH8*'U11'!AH$4, 0)+ IF('U12'!$A$4="1ª", 'U12'!AH8*'U12'!AH$4, 0)+ IF('U13'!$A$4="1ª", 'U13'!AH8*'U13'!AH$4, 0)+ IF('U14'!$A$4="1ª", 'U14'!AH8*'U14'!AH$4, 0)+ IF('U15'!$A$4="1ª", 'U15'!AH8*'U15'!AH$4, 0) ) /$CB$12 ) /BT$13, "") | BX22: =IF(BV$13>0, ( ( IF('U1'!$A$4="1ª", 'U1'!AI8*'U1'!AI$4, 0)+ IF('U2'!$A$4="1ª", 'U2'!AI8*'U2'!AI$4, 0)+ IF('U3'!$A$4="1ª", 'U3'!AI8*'U3'!AI$4, 0)+ IF('U4'!$A$4="1ª", 'U4'!AI8*'U4'!AI$4, 0)+ IF('U5'!$A$4="1ª", 'U5'!AI8*'U5'!AI$4, 0)+ IF('U6'!$A$4="1ª", 'U6'!AI8*'U6'!AI$4, 0)+ IF('U7'!$A$4="1ª", 'U7'!AI8*'U7'!AI$4, 0)+ IF('U8'!$A$4="1ª", 'U8'!AI8*'U8'!AI$4, 0)+ IF('U9'!$A$4="1ª", 'U9'!AI8*'U9'!AI$4, 0)+ IF('U10'!$A$4="1ª", 'U10'!AI8*'U10'!AI$4, 0)+ IF('U11'!$A$4="1ª", 'U11'!AI8*'U11'!AI$4, 0)+ IF('U12'!$A$4="1ª", 'U12'!AI8*'U12'!AI$4, 0)+ IF('U13'!$A$4="1ª", 'U13'!AI8*'U13'!AI$4, 0)+ IF('U14'!$A$4="1ª", 'U14'!AI8*'U14'!AI$4, 0)+ IF('U15'!$A$4="1ª", 'U15'!AI8*'U15'!AI$4, 0) ) /$CB$12 ) /BV$13, "") | BZ22: =IF(BZ$13>0, ( ( IF('U1'!$A$4="1ª", 'U1'!AK8*'U1'!AK$4, 0)+ IF('U2'!$A$4="1ª", 'U2'!AK8*'U2'!AK$4, 0)+ IF('U3'!$A$4="1ª", 'U3'!AK8*'U3'!AK$4, 0)+ IF('U4'!$A$4="1ª", 'U4'!AK8*'U4'!AK$4, 0)+ IF('U5'!$A$4="1ª", 'U5'!AK8*'U5'!AK$4, 0)+ IF('U6'!$A$4="1ª", 'U6'!AK8*'U6'!AK$4, 0)+ IF('U7'!$A$4="1ª", 'U7'!AK8*'U7'!AK$4, 0)+ IF('U8'!$A$4="1ª", 'U8'!AK8*'U8'!AK$4, 0)+ IF('U9'!$A$4="1ª", 'U9'!AK8*'U9'!AK$4, 0)+ IF('U10'!$A$4="1ª", 'U10'!AK8*'U10'!AK$4, 0)+ IF('U11'!$A$4="1ª", 'U11'!AK8*'U11'!AK$4, 0)+ IF('U12'!$A$4="1ª", 'U12'!AK8*'U12'!AK$4, 0)+ IF('U13'!$A$4="1ª", 'U13'!AK8*'U13'!AK$4, 0)+ IF('U14'!$A$4="1ª", 'U14'!AK8*'U14'!AK$4, 0)+ IF('U15'!$A$4="1ª", 'U15'!AK8*'U15'!AK$4, 0) ) /$CB$12 ) /BZ$13, "") | CB22: =MAX(P22,Q22)*$P$13 +MAX(R22,S22)*$R$13 +MAX(T22,U22)*$T$13 +MAX(V22,W22)*$V$13 +MAX(X22,Y22)*$X$13 +MAX(Z22,AA22)*$Z$13+MAX(C22,D22)*$C$13 +MAX(E22,F22)*$E$13 +MAX(G22,H22)*$G$13 +MAX(I22,J22)*$I$13 +MAX(K22,L22)*$K$13 +MAX(M22,N22)*$M$13+MAX(AC22,AD22)*$AC$13 +MAX(AE22,AF22)*$AE$13 +MAX(AG22,AH22)*$AG$13 +MAX(AI22,AJ22)*$AI$13 +MAX(AK22,AL22)*$AK$13 +MAX(AM22,AN22)*$AM$13+MAX(AP22,AQ22)*$AP$13 +MAX(AR22,AS22)*$AR$13 +MAX(AT22,AU22)*$AT$13 +MAX(AV22,AW22)*$AV$13 +MAX(AX22,AY22)*$AX$13 +MAX(AZ22,BA22)*$AZ$13+MAX(BC22,BD22)*$BC$13 +MAX(BE22,BF22)*$BE$13 +MAX(BG22,BH22)*$BG$13 +MAX(BI22,BJ22)*$BI$13 +MAX(BK22,BL22)*$BK$13 +MAX(BM22,BN22)*$BM$13+MAX(BP22,BQ22)*$BP$13 +MAX(BR22,BS22)*$BR$13 +MAX(BT22,BU22)*$BT$13 +MAX(BV22,BW22)*$BV$13 +MAX(BX22,BY22)*$BX$13 +MAX(BZ22,CA22)*$BZ$13 -> 0 | CC22: =B22*$B$14+O22*$O$14+AB22*$AB$14+AO22*$AO$14+BB22*$BB$14 -> 0
A23: Gonzalez Torres, Mara�a | B23: =IFERROR(SUM( MAX(C23,D23)*C$13, MAX(E23,F23)*E$13, MAX(G23,H23)*G$13, MAX(I23,J23)*I$13, MAX(K23,L23)*K$13, MAX(M23,N23)*M$13 )/B$14,"") -> 0 | C23: =IF(C$13>0, ( ( IF('U1'!$A$4="1ª", 'U1'!B9*'U1'!B$4, 0) + IF('U2'!$A$4="1ª", 'U2'!B9*'U2'!B$4, 0) + IF('U3'!$A$4="1ª", 'U3'!B9*'U3'!B$4, 0) + IF('U4'!$A$4="1ª", 'U4'!B9*'U4'!B$4, 0) + IF('U5'!$A$4="1ª", 'U5'!B9*'U5'!B$4, 0) + IF('U6'!$A$4="1ª", 'U6'!B9*'U6'!B$4, 0) + IF('U7'!$A$4="1ª", 'U7'!B9*'U7'!B$4, 0) + IF('U8'!$A$4="1ª", 'U8'!B9*'U8'!B$4, 0) + IF('U9'!$A$4="1ª", 'U9'!B9*'U9'!B$4, 0) + IF('U10'!$A$4="1ª", 'U10'!B9*'U10'!B$4, 0) + IF('U11'!$A$4="1ª", 'U11'!B9*'U11'!B$4, 0) + IF('U12'!$A$4="1ª", 'U12'!B9*'U12'!B$4, 0) + IF('U13'!$A$4="1ª", 'U13'!B9*'U13'!B$4, 0) + IF('U14'!$A$4="1ª", 'U14'!B9*'U14'!B$4, 0) + IF('U15'!$A$4="1ª", 'U15'!B9*'U15'!B$4, 0) ) /$CB$12 ) /C$13, "") -> 0 | E23: =IF(E$13>0, ( ( IF('U1'!$A$4="1ª", 'U1'!C9*'U1'!C$4, 0) + IF('U2'!$A$4="1ª", 'U2'!C9*'U2'!C$4, 0) + IF('U3'!$A$4="1ª", 'U3'!C9*'U3'!C$4, 0) + IF('U4'!$A$4="1ª", 'U4'!C9*'U4'!C$4, 0) + IF('U5'!$A$4="1ª", 'U5'!C9*'U5'!C$4, 0) + IF('U6'!$A$4="1ª", 'U6'!C9*'U6'!C$4, 0) + IF('U7'!$A$4="1ª", 'U7'!C9*'U7'!C$4, 0) + IF('U8'!$A$4="1ª", 'U8'!C9*'U8'!C$4, 0) + IF('U9'!$A$4="1ª", 'U9'!C9*'U9'!C$4, 0) + IF('U10'!$A$4="1ª", 'U10'!C9*'U10'!C$4, 0) + IF('U11'!$A$4="1ª", 'U11'!C9*'U11'!C$4, 0) + IF('U12'!$A$4="1ª", 'U12'!C9*'U12'!C$4, 0) + IF('U13'!$A$4="1ª", 'U13'!C9*'U13'!C$4, 0) + IF('U14'!$A$4="1ª", 'U14'!C9*'U14'!C$4, 0) + IF('U15'!$A$4="1ª", 'U15'!C9*'U15'!C$4, 0) ) /$CB$12 ) /E$13, "") -> 0 | G23: =IF(G$13>0, ( ( IF('U1'!$A$4="1ª", 'U1'!D9*'U1'!D$4, 0) + IF('U2'!$A$4="1ª", 'U2'!D9*'U2'!D$4, 0) + IF('U3'!$A$4="1ª", 'U3'!D9*'U3'!D$4, 0) + IF('U4'!$A$4="1ª", 'U4'!D9*'U4'!D$4, 0) + IF('U5'!$A$4="1ª", 'U5'!D9*'U5'!D$4, 0) + IF('U6'!$A$4="1ª", 'U6'!D9*'U6'!D$4, 0) + IF('U7'!$A$4="1ª", 'U7'!D9*'U7'!D$4, 0) + IF('U8'!$A$4="1ª", 'U8'!D9*'U8'!D$4, 0) + IF('U9'!$A$4="1ª", 'U9'!D9*'U9'!D$4, 0) + IF('U10'!$A$4="1ª", 'U10'!D9*'U10'!D$4, 0) + IF('U11'!$A$4="1ª", 'U11'!D9*'U11'!D$4, 0) + IF('U12'!$A$4="1ª", 'U12'!D9*'U12'!D$4, 0) + IF('U13'!$A$4="1ª", 'U13'!D9*'U13'!D$4, 0) + IF('U14'!$A$4="1ª", 'U14'!D9*'U14'!D$4, 0) + IF('U15'!$A$4="1ª", 'U15'!D9*'U15'!D$4, 0) ) /$CB$12 ) /G$13, "") -> 0 | I23: =IF(I$13>0, ( ( IF('U1'!$A$4="1ª", 'U1'!E9*'U1'!E$4, 0) + IF('U2'!$A$4="1ª", 'U2'!E9*'U2'!E$4, 0) + IF('U3'!$A$4="1ª", 'U3'!E9*'U3'!E$4, 0) + IF('U4'!$A$4="1ª", 'U4'!E9*'U4'!E$4, 0) + IF('U5'!$A$4="1ª", 'U5'!E9*'U5'!E$4, 0) + IF('U6'!$A$4="1ª", 'U6'!E9*'U6'!E$4, 0) + IF('U7'!$A$4="1ª", 'U7'!E9*'U7'!E$4, 0) + IF('U8'!$A$4="1ª", 'U8'!E9*'U8'!E$4, 0) + IF('U9'!$A$4="1ª", 'U9'!E9*'U9'!E$4, 0) + IF('U10'!$A$4="1ª", 'U10'!E9*'U10'!E$4, 0) + IF('U11'!$A$4="1ª", 'U11'!E9*'U11'!E$4, 0) + IF('U12'!$A$4="1ª", 'U12'!E9*'U12'!E$4, 0) + IF('U13'!$A$4="1ª", 'U13'!E9*'U13'!E$4, 0) + IF('U14'!$A$4="1ª", 'U14'!E9*'U14'!E$4, 0) + IF('U15'!$A$4="1ª", 'U15'!E9*'U15'!E$4, 0) ) /$CB$12 ) /I$13, "") -> 0 | K23: =IF(K$13>0, ( ( IF('U1'!$A$4="1ª", 'U1'!F9*'U1'!F$4, 0) + IF('U2'!$A$4="1ª", 'U2'!F9*'U2'!F$4, 0) + IF('U3'!$A$4="1ª", 'U3'!F9*'U3'!F$4, 0) + IF('U4'!$A$4="1ª", 'U4'!F9*'U4'!F$4, 0) + IF('U5'!$A$4="1ª", 'U5'!F9*'U5'!F$4, 0) + IF('U6'!$A$4="1ª", 'U6'!F9*'U6'!F$4, 0) + IF('U7'!$A$4="1ª", 'U7'!F9*'U7'!F$4, 0) + IF('U8'!$A$4="1ª", 'U8'!F9*'U8'!F$4, 0) + IF('U9'!$A$4="1ª", 'U9'!F9*'U9'!F$4, 0) + IF('U10'!$A$4="1ª", 'U10'!F9*'U10'!F$4, 0) + IF('U11'!$A$4="1ª", 'U11'!F9*'U11'!F$4, 0) + IF('U12'!$A$4="1ª", 'U12'!F9*'U12'!F$4, 0) + IF('U13'!$A$4="1ª", 'U13'!F9*'U13'!F$4, 0) + IF('U14'!$A$4="1ª", 'U14'!F9*'U14'!F$4, 0) + IF('U15'!$A$4="1ª", 'U15'!F9*'U15'!F$4, 0) ) /$CB$12 ) /K$13, "") -> 0 | M23: =IF(M$13>0, ( ( IF('U1'!$A$4="1ª", 'U1'!G9*'U1'!G$4, 0) + IF('U2'!$A$4="1ª", 'U2'!G9*'U2'!G$4, 0) + IF('U3'!$A$4="1ª", 'U3'!G9*'U3'!G$4, 0) + IF('U4'!$A$4="1ª", 'U4'!G9*'U4'!G$4, 0) + IF('U5'!$A$4="1ª", 'U5'!G9*'U5'!G$4, 0) + IF('U6'!$A$4="1ª", 'U6'!G9*'U6'!G$4, 0) + IF('U7'!$A$4="1ª", 'U7'!G9*'U7'!G$4, 0) + IF('U8'!$A$4="1ª", 'U8'!G9*'U8'!G$4, 0) + IF('U9'!$A$4="1ª", 'U9'!G9*'U9'!G$4, 0) + IF('U10'!$A$4="1ª", 'U10'!G9*'U10'!G$4, 0) + IF('U11'!$A$4="1ª", 'U11'!G9*'U11'!G$4, 0) + IF('U12'!$A$4="1ª", 'U12'!G9*'U12'!G$4, 0) + IF('U13'!$A$4="1ª", 'U13'!G9*'U13'!G$4, 0) + IF('U14'!$A$4="1ª", 'U14'!G9*'U14'!G$4, 0) + IF('U15'!$A$4="1ª", 'U15'!G9*'U15'!G$4, 0) ) /$CB$12 ) /M$13, "") | O23: =IFERROR(SUM( MAX(P23,Q23)*P$13, MAX(R23,S23)*R$13, MAX(T23,U23)*T$13, MAX(V23,W23)*V$13, MAX(X23,Y23)*X$13, MAX(Z23,AA23)*Z$13 )/O$14,"") -> 0 | P23: =IF(P$13>0, ( ( IF('U1'!$A$4="1ª", 'U1'!H9*'U1'!H$4, 0) + IF('U2'!$A$4="1ª", 'U2'!H9*'U2'!H$4, 0) + IF('U3'!$A$4="1ª", 'U3'!H9*'U3'!H$4, 0) + IF('U4'!$A$4="1ª", 'U4'!H9*'U4'!H$4, 0) + IF('U5'!$A$4="1ª", 'U5'!H9*'U5'!H$4, 0) + IF('U6'!$A$4="1ª", 'U6'!H9*'U6'!H$4, 0) + IF('U7'!$A$4="1ª", 'U7'!H9*'U7'!H$4, 0) + IF('U8'!$A$4="1ª", 'U8'!H9*'U8'!H$4, 0) + IF('U9'!$A$4="1ª", 'U9'!H9*'U9'!H$4, 0) + IF('U10'!$A$4="1ª", 'U10'!H9*'U10'!H$4, 0) + IF('U11'!$A$4="1ª", 'U11'!H9*'U11'!H$4, 0) + IF('U12'!$A$4="1ª", 'U12'!H9*'U12'!H$4, 0) + IF('U13'!$A$4="1ª", 'U13'!H9*'U13'!H$4, 0) + IF('U14'!$A$4="1ª", 'U14'!H9*'U14'!H$4, 0) + IF('U15'!$A$4="1ª", 'U15'!H9*'U15'!H$4, 0) ) /$CB$12 ) /P$13, "") -> 0 | R23: =IF(R$13>0, ( ( IF('U1'!$A$4="1ª", 'U1'!I9*'U1'!I$4, 0) + IF('U2'!$A$4="1ª", 'U2'!I9*'U2'!I$4, 0) + IF('U3'!$A$4="1ª", 'U3'!I9*'U3'!I$4, 0) + IF('U4'!$A$4="1ª", 'U4'!I9*'U4'!I$4, 0) + IF('U5'!$A$4="1ª", 'U5'!I9*'U5'!I$4, 0) + IF('U6'!$A$4="1ª", 'U6'!I9*'U6'!I$4, 0) + IF('U7'!$A$4="1ª", 'U7'!I9*'U7'!I$4, 0) + IF('U8'!$A$4="1ª", 'U8'!I9*'U8'!I$4, 0) + IF('U9'!$A$4="1ª", 'U9'!I9*'U9'!I$4, 0) + IF('U10'!$A$4="1ª", 'U10'!I9*'U10'!I$4, 0) + IF('U11'!$A$4="1ª", 'U11'!I9*'U11'!I$4, 0) + IF('U12'!$A$4="1ª", 'U12'!I9*'U12'!I$4, 0) + IF('U13'!$A$4="1ª", 'U13'!I9*'U13'!I$4, 0) + IF('U14'!$A$4="1ª", 'U14'!I9*'U14'!I$4, 0) + IF('U15'!$A$4="1ª", 'U15'!I9*'U15'!I$4, 0) ) /$CB$12 ) /R$13, "") -> 0 | T23: =IF(T$13>0, ( ( IF('U1'!$A$4="1ª", 'U1'!J9*'U1'!J$4, 0) + IF('U2'!$A$4="1ª", 'U2'!J9*'U2'!J$4, 0) + IF('U3'!$A$4="1ª", 'U3'!J9*'U3'!J$4, 0) + IF('U4'!$A$4="1ª", 'U4'!J9*'U4'!J$4, 0) + IF('U5'!$A$4="1ª", 'U5'!J9*'U5'!J$4, 0) + IF('U6'!$A$4="1ª", 'U6'!J9*'U6'!J$4, 0) + IF('U7'!$A$4="1ª", 'U7'!J9*'U7'!J$4, 0) + IF('U8'!$A$4="1ª", 'U8'!J9*'U8'!J$4, 0) + IF('U9'!$A$4="1ª", 'U9'!J9*'U9'!J$4, 0) + IF('U10'!$A$4="1ª", 'U10'!J9*'U10'!J$4, 0) + IF('U11'!$A$4="1ª", 'U11'!J9*'U11'!J$4, 0) + IF('U12'!$A$4="1ª", 'U12'!J9*'U12'!J$4, 0) + IF('U13'!$A$4="1ª", 'U13'!J9*'U13'!J$4, 0) + IF('U14'!$A$4="1ª", 'U14'!J9*'U14'!J$4, 0) + IF('U15'!$A$4="1ª", 'U15'!J9*'U15'!J$4, 0) ) /$CB$12 ) /T$13, "") -> 0 | V23: =IF(V$13>0, ( ( IF('U1'!$A$4="1ª", 'U1'!K9*'U1'!K$4, 0) + IF('U2'!$A$4="1ª", 'U2'!K9*'U2'!K$4, 0) + IF('U3'!$A$4="1ª", 'U3'!K9*'U3'!K$4, 0) + IF('U4'!$A$4="1ª", 'U4'!K9*'U4'!K$4, 0) + IF('U5'!$A$4="1ª", 'U5'!K9*'U5'!K$4, 0) + IF('U6'!$A$4="1ª", 'U6'!K9*'U6'!K$4, 0) + IF('U7'!$A$4="1ª", 'U7'!K9*'U7'!K$4, 0) + IF('U8'!$A$4="1ª", 'U8'!K9*'U8'!K$4, 0) + IF('U9'!$A$4="1ª", 'U9'!K9*'U9'!K$4, 0) + IF('U10'!$A$4="1ª", 'U10'!K9*'U10'!K$4, 0) + IF('U11'!$A$4="1ª", 'U11'!K9*'U11'!K$4, 0) + IF('U12'!$A$4="1ª", 'U12'!K9*'U12'!K$4, 0) + IF('U13'!$A$4="1ª", 'U13'!K9*'U13'!K$4, 0) + IF('U14'!$A$4="1ª", 'U14'!K9*'U14'!K$4, 0) + IF('U15'!$A$4="1ª", 'U15'!K9*'U15'!K$4, 0) ) /$CB$12 ) /V$13, "") -> 0 | X23: =IF(X$13>0, ( ( IF('U1'!$A$4="1ª", 'U1'!L9*'U1'!L$4, 0) + IF('U2'!$A$4="1ª", 'U2'!L9*'U2'!L$4, 0) + IF('U3'!$A$4="1ª", 'U3'!L9*'U3'!L$4, 0) + IF('U4'!$A$4="1ª", 'U4'!L9*'U4'!L$4, 0) + IF('U5'!$A$4="1ª", 'U5'!L9*'U5'!L$4, 0) + IF('U6'!$A$4="1ª", 'U6'!L9*'U6'!L$4, 0) + IF('U7'!$A$4="1ª", 'U7'!L9*'U7'!L$4, 0) + IF('U8'!$A$4="1ª", 'U8'!L9*'U8'!L$4, 0) + IF('U9'!$A$4="1ª", 'U9'!L9*'U9'!L$4, 0) + IF('U10'!$A$4="1ª", 'U10'!L9*'U10'!L$4, 0) + IF('U11'!$A$4="1ª", 'U11'!L9*'U11'!L$4, 0) + IF('U12'!$A$4="1ª", 'U12'!L9*'U12'!L$4, 0) + IF('U13'!$A$4="1ª", 'U13'!L9*'U13'!L$4, 0) + IF('U14'!$A$4="1ª", 'U14'!L9*'U14'!L$4, 0) + IF('U15'!$A$4="1ª", 'U15'!L9*'U15'!L$4, 0) ) /$CB$12 ) /X$13, "") | Z23: =IF(Z$13>0, ( ( IF('U1'!$A$4="1ª", 'U1'!M9*'U1'!M$4, 0) + IF('U2'!$A$4="1ª", 'U2'!M9*'U2'!M$4, 0) + IF('U3'!$A$4="1ª", 'U3'!M9*'U3'!M$4, 0) + IF('U4'!$A$4="1ª", 'U4'!M9*'U4'!M$4, 0) + IF('U5'!$A$4="1ª", 'U5'!M9*'U5'!M$4, 0) + IF('U6'!$A$4="1ª", 'U6'!M9*'U6'!M$4, 0) + IF('U7'!$A$4="1ª", 'U7'!M9*'U7'!M$4, 0) + IF('U8'!$A$4="1ª", 'U8'!M9*'U8'!M$4, 0) + IF('U9'!$A$4="1ª", 'U9'!M9*'U9'!M$4, 0) + IF('U10'!$A$4="1ª", 'U10'!M9*'U10'!M$4, 0) + IF('U11'!$A$4="1ª", 'U11'!M9*'U11'!M$4, 0) + IF('U12'!$A$4="1ª", 'U12'!M9*'U12'!M$4, 0) + IF('U13'!$A$4="1ª", 'U13'!M9*'U13'!M$4, 0) + IF('U14'!$A$4="1ª", 'U14'!M9*'U14'!M$4, 0) + IF('U15'!$A$4="1ª", 'U15'!M9*'U15'!M$4, 0) ) /$CB$12 ) /Z$13, "") | AB23: =IFERROR(SUM( MAX(AC23,AD23)*AC$13, MAX(AE23,AF23)*AE$13, MAX(AG23,AH23)*AG$13, MAX(AI23,AJ23)*AI$13, MAX(AK23,AL23)*AK$13, MAX(AM23,AN23)*AM$13 )/AB$14,"") -> 0 | AC23: =IF(AC$13>0, ( ( IF('U1'!$A$4="1ª", 'U1'!N9*'U1'!N$4, 0) + IF('U2'!$A$4="1ª", 'U2'!N9*'U2'!N$4, 0) + IF('U3'!$A$4="1ª", 'U3'!N9*'U3'!N$4, 0) + IF('U4'!$A$4="1ª", 'U4'!N9*'U4'!N$4, 0) + IF('U5'!$A$4="1ª", 'U5'!N9*'U5'!N$4, 0) + IF('U6'!$A$4="1ª", 'U6'!N9*'U6'!N$4, 0) + IF('U7'!$A$4="1ª", 'U7'!N9*'U7'!N$4, 0) + IF('U8'!$A$4="1ª", 'U8'!N9*'U8'!N$4, 0) + IF('U9'!$A$4="1ª", 'U9'!N9*'U9'!N$4, 0) + IF('U10'!$A$4="1ª", 'U10'!N9*'U10'!N$4, 0) + IF('U11'!$A$4="1ª", 'U11'!N9*'U11'!N$4, 0) + IF('U12'!$A$4="1ª", 'U12'!N9*'U12'!N$4, 0) + IF('U13'!$A$4="1ª", 'U13'!N9*'U13'!N$4, 0) + IF('U14'!$A$4="1ª", 'U14'!N9*'U14'!N$4, 0) + IF('U15'!$A$4="1ª", 'U15'!N9*'U15'!N$4, 0) ) /$CB$12 ) /AC$13, "") | AE23: =IF(AE$13>0, ( ( IF('U1'!$A$4="1ª", 'U1'!O9*'U1'!O$4, 0)+ IF('U2'!$A$4="1ª", 'U2'!O9*'U2'!O$4, 0)+ IF('U3'!$A$4="1ª", 'U3'!O9*'U3'!O$4, 0)+ IF('U4'!$A$4="1ª", 'U4'!O9*'U4'!O$4, 0)+ IF('U5'!$A$4="1ª", 'U5'!O9*'U5'!O$4, 0)+ IF('U6'!$A$4="1ª", 'U6'!O9*'U6'!O$4, 0)+ IF('U7'!$A$4="1ª", 'U7'!O9*'U7'!O$4, 0)+ IF('U8'!$A$4="1ª", 'U8'!O9*'U8'!O$4, 0)+ IF('U9'!$A$4="1ª", 'U9'!O9*'U9'!O$4, 0)+ IF('U10'!$A$4="1ª", 'U10'!O9*'U10'!O$4, 0)+ IF('U11'!$A$4="1ª", 'U11'!O9*'U11'!O$4, 0)+ IF('U12'!$A$4="1ª", 'U12'!O9*'U12'!O$4, 0)+ IF('U13'!$A$4="1ª", 'U13'!O9*'U13'!O$4, 0)+ IF('U14'!$A$4="1ª", 'U14'!O9*'U14'!O$4, 0)+ IF('U15'!$A$4="1ª", 'U15'!O9*'U15'!O$4, 0) ) /$CB$12 ) /AE$13, "") | AG23: =IF(AG$13>0, ( ( IF('U1'!$A$4="1ª", 'U1'!P9*'U1'!P$4, 0)+ IF('U2'!$A$4="1ª", 'U2'!P9*'U2'!P$4, 0)+ IF('U3'!$A$4="1ª", 'U3'!P9*'U3'!P$4, 0)+ IF('U4'!$A$4="1ª", 'U4'!P9*'U4'!P$4, 0)+ IF('U5'!$A$4="1ª", 'U5'!P9*'U5'!P$4, 0)+ IF('U6'!$A$4="1ª", 'U6'!P9*'U6'!P$4, 0)+ IF('U7'!$A$4="1ª", 'U7'!P9*'U7'!P$4, 0)+ IF('U8'!$A$4="1ª", 'U8'!P9*'U8'!P$4, 0)+ IF('U9'!$A$4="1ª", 'U9'!P9*'U9'!P$4, 0)+ IF('U10'!$A$4="1ª", 'U10'!P9*'U10'!P$4, 0)+ IF('U11'!$A$4="1ª", 'U11'!P9*'U11'!P$4, 0)+ IF('U12'!$A$4="1ª", 'U12'!P9*'U12'!P$4, 0)+ IF('U13'!$A$4="1ª", 'U13'!P9*'U13'!P$4, 0)+ IF('U14'!$A$4="1ª", 'U14'!P9*'U14'!P$4, 0)+ IF('U15'!$A$4="1ª", 'U15'!P9*'U15'!P$4, 0) ) /$CB$12 ) /AG$13, "") | AI23: =IF(AI$13>0, ( ( IF('U1'!$A$4="1ª", 'U1'!Q9*'U1'!Q$4, 0)+ IF('U2'!$A$4="1ª", 'U2'!Q9*'U2'!Q$4, 0)+ IF('U3'!$A$4="1ª", 'U3'!Q9*'U3'!Q$4, 0)+ IF('U4'!$A$4="1ª", 'U4'!Q9*'U4'!Q$4, 0)+ IF('U5'!$A$4="1ª", 'U5'!Q9*'U5'!Q$4, 0)+ IF('U6'!$A$4="1ª", 'U6'!Q9*'U6'!Q$4, 0)+ IF('U7'!$A$4="1ª", 'U7'!Q9*'U7'!Q$4, 0)+ IF('U8'!$A$4="1ª", 'U8'!Q9*'U8'!Q$4, 0)+ IF('U9'!$A$4="1ª", 'U9'!Q9*'U9'!Q$4, 0)+ IF('U10'!$A$4="1ª", 'U10'!Q9*'U10'!Q$4, 0)+ IF('U11'!$A$4="1ª", 'U11'!Q9*'U11'!Q$4, 0)+ IF('U12'!$A$4="1ª", 'U12'!Q9*'U12'!Q$4, 0)+ IF('U13'!$A$4="1ª", 'U13'!Q9*'U13'!Q$4, 0)+ IF('U14'!$A$4="1ª", 'U14'!Q9*'U14'!Q$4, 0)+ IF('U15'!$A$4="1ª", 'U15'!Q9*'U15'!Q$4, 0) ) /$CB$12 ) /AI$13, "") -> 0 | AK23: =IF(AK$13>0, ( ( IF('U1'!$A$4="1ª", 'U1'!R9*'U1'!R$4, 0)+ IF('U2'!$A$4="1ª", 'U2'!R9*'U2'!R$4, 0)+ IF('U3'!$A$4="1ª", 'U3'!R9*'U3'!R$4, 0)+ IF('U4'!$A$4="1ª", 'U4'!R9*'U4'!R$4, 0)+ IF('U5'!$A$4="1ª", 'U5'!R9*'U5'!R$4, 0)+ IF('U6'!$A$4="1ª", 'U6'!R9*'U6'!R$4, 0)+ IF('U7'!$A$4="1ª", 'U7'!R9*'U7'!R$4, 0)+ IF('U8'!$A$4="1ª", 'U8'!R9*'U8'!R$4, 0)+ IF('U9'!$A$4="1ª", 'U9'!R9*'U9'!R$4, 0)+ IF('U10'!$A$4="1ª", 'U10'!R9*'U10'!R$4, 0)+ IF('U11'!$A$4="1ª", 'U11'!R9*'U11'!R$4, 0)+ IF('U12'!$A$4="1ª", 'U12'!R9*'U12'!R$4, 0)+ IF('U13'!$A$4="1ª", 'U13'!R9*'U13'!R$4, 0)+ IF('U14'!$A$4="1ª", 'U14'!R9*'U14'!R$4, 0)+ IF('U15'!$A$4="1ª", 'U15'!R9*'U15'!R$4, 0) ) /$CB$12 ) /AK$13, "") -> 0 | AM23: =IF(AM$13>0, ( ( IF('U1'!$A$4="1ª", 'U1'!S9*'U1'!S$4, 0)+ IF('U2'!$A$4="1ª", 'U2'!S9*'U2'!S$4, 0)+ IF('U3'!$A$4="1ª", 'U3'!S9*'U3'!S$4, 0)+ IF('U4'!$A$4="1ª", 'U4'!S9*'U4'!S$4, 0)+ IF('U5'!$A$4="1ª", 'U5'!S9*'U5'!S$4, 0)+ IF('U6'!$A$4="1ª", 'U6'!S9*'U6'!S$4, 0)+ IF('U7'!$A$4="1ª", 'U7'!S9*'U7'!S$4, 0)+ IF('U8'!$A$4="1ª", 'U8'!S9*'U8'!S$4, 0)+ IF('U9'!$A$4="1ª", 'U9'!S9*'U9'!S$4, 0)+ IF('U10'!$A$4="1ª", 'U10'!S9*'U10'!S$4, 0)+ IF('U11'!$A$4="1ª", 'U11'!S9*'U11'!S$4, 0)+ IF('U12'!$A$4="1ª", 'U12'!S9*'U12'!S$4, 0)+ IF('U13'!$A$4="1ª", 'U13'!S9*'U13'!S$4, 0)+ IF('U14'!$A$4="1ª", 'U14'!S9*'U14'!S$4, 0)+ IF('U15'!$A$4="1ª", 'U15'!S9*'U15'!S$4, 0) ) /$CB$12 ) /AM$13, "") | AO23: =IFERROR(SUM( MAX(AP23,AQ23)*AP$13, MAX(AR23,AS23)*AR$13, MAX(AT23,AU23)*AT$13, MAX(AV23,AW23)*AV$13, MAX(AX23,AY23)*AX$13, MAX(AZ23,BA23)*AZ$13 )/AO$14,"") -> 0 | AP23: =IF(AP$13>0, ( ( IF('U1'!$A$4="1ª", 'U1'!T9*'U1'!T$4, 0) + IF('U2'!$A$4="1ª", 'U2'!T9*'U2'!T$4, 0) + IF('U3'!$A$4="1ª", 'U3'!T9*'U3'!T$4, 0) + IF('U4'!$A$4="1ª", 'U4'!T9*'U4'!T$4, 0) + IF('U5'!$A$4="1ª", 'U5'!T9*'U5'!T$4, 0) + IF('U6'!$A$4="1ª", 'U6'!T9*'U6'!T$4, 0) + IF('U7'!$A$4="1ª", 'U7'!T9*'U7'!T$4, 0) + IF('U8'!$A$4="1ª", 'U8'!T9*'U8'!T$4, 0) + IF('U9'!$A$4="1ª", 'U9'!T9*'U9'!T$4, 0) + IF('U10'!$A$4="1ª", 'U10'!T9*'U10'!T$4, 0) + IF('U11'!$A$4="1ª", 'U11'!T9*'U11'!T$4, 0) + IF('U12'!$A$4="1ª", 'U12'!T9*'U12'!T$4, 0) + IF('U13'!$A$4="1ª", 'U13'!T9*'U13'!T$4, 0) + IF('U14'!$A$4="1ª", 'U14'!T9*'U14'!T$4, 0) + IF('U15'!$A$4="1ª", 'U15'!T9*'U15'!T$4, 0) ) /$CB$12 ) / AP$13, "") -> 0 | AR23: =IF(AR$13>0, ( ( IF('U1'!$A$4="1ª", 'U1'!U9*'U1'!U$4, 0)+ IF('U2'!$A$4="1ª", 'U2'!U9*'U2'!U$4, 0)+ IF('U3'!$A$4="1ª", 'U3'!U9*'U3'!U$4, 0)+ IF('U4'!$A$4="1ª", 'U4'!U9*'U4'!U$4, 0)+ IF('U5'!$A$4="1ª", 'U5'!U9*'U5'!U$4, 0)+ IF('U6'!$A$4="1ª", 'U6'!U9*'U6'!U$4, 0)+ IF('U7'!$A$4="1ª", 'U7'!U9*'U7'!U$4, 0)+ IF('U8'!$A$4="1ª", 'U8'!U9*'U8'!U$4, 0)+ IF('U9'!$A$4="1ª", 'U9'!U9*'U9'!U$4, 0)+ IF('U10'!$A$4="1ª", 'U10'!U9*'U10'!U$4, 0)+ IF('U11'!$A$4="1ª", 'U11'!U9*'U11'!U$4, 0)+ IF('U12'!$A$4="1ª", 'U12'!U9*'U12'!U$4, 0)+ IF('U13'!$A$4="1ª", 'U13'!U9*'U13'!U$4, 0)+ IF('U14'!$A$4="1ª", 'U14'!U9*'U14'!U$4, 0)+ IF('U15'!$A$4="1ª", 'U15'!U9*'U15'!U$4, 0) ) /$CB$12 ) /AR$13, "") -> 0 | AT23: =IF(AT$13>0, ( ( IF('U1'!$A$4="1ª", 'U1'!V9*'U1'!V$4, 0)+ IF('U2'!$A$4="1ª", 'U2'!V9*'U2'!V$4, 0)+ IF('U3'!$A$4="1ª", 'U3'!V9*'U3'!V$4, 0)+ IF('U4'!$A$4="1ª", 'U4'!V9*'U4'!V$4, 0)+ IF('U5'!$A$4="1ª", 'U5'!V9*'U5'!V$4, 0)+ IF('U6'!$A$4="1ª", 'U6'!V9*'U6'!V$4, 0)+ IF('U7'!$A$4="1ª", 'U7'!V9*'U7'!V$4, 0)+ IF('U8'!$A$4="1ª", 'U8'!V9*'U8'!V$4, 0)+ IF('U9'!$A$4="1ª", 'U9'!V9*'U9'!V$4, 0)+ IF('U10'!$A$4="1ª", 'U10'!V9*'U10'!V$4, 0)+ IF('U11'!$A$4="1ª", 'U11'!V9*'U11'!V$4, 0)+ IF('U12'!$A$4="1ª", 'U12'!V9*'U12'!V$4, 0)+ IF('U13'!$A$4="1ª", 'U13'!V9*'U13'!V$4, 0)+ IF('U14'!$A$4="1ª", 'U14'!V9*'U14'!V$4, 0)+ IF('U15'!$A$4="1ª", 'U15'!V9*'U15'!V$4, 0) ) /$CB$12 ) /AT$13, "") | AV23: =IF(AV$13>0, ( ( IF('U1'!$A$4="1ª", 'U1'!W9*'U1'!W$4, 0)+ IF('U2'!$A$4="1ª", 'U2'!W9*'U2'!W$4, 0)+ IF('U3'!$A$4="1ª", 'U3'!W9*'U3'!W$4, 0)+ IF('U4'!$A$4="1ª", 'U4'!W9*'U4'!W$4, 0)+ IF('U5'!$A$4="1ª", 'U5'!W9*'U5'!W$4, 0)+ IF('U6'!$A$4="1ª", 'U6'!W9*'U6'!W$4, 0)+ IF('U7'!$A$4="1ª", 'U7'!W9*'U7'!W$4, 0)+ IF('U8'!$A$4="1ª", 'U8'!W9*'U8'!W$4, 0)+ IF('U9'!$A$4="1ª", 'U9'!W9*'U9'!W$4, 0)+ IF('U10'!$A$4="1ª", 'U10'!W9*'U10'!W$4, 0)+ IF('U11'!$A$4="1ª", 'U11'!W9*'U11'!W$4, 0)+ IF('U12'!$A$4="1ª", 'U12'!W9*'U12'!W$4, 0)+ IF('U13'!$A$4="1ª", 'U13'!W9*'U13'!W$4, 0)+ IF('U14'!$A$4="1ª", 'U14'!W9*'U14'!W$4, 0)+ IF('U15'!$A$4="1ª", 'U15'!W9*'U15'!W$4, 0) ) /$CB$12 ) /AV$13, "") -> 0 | AX23: =IF(AX$13>0, ( ( IF('U1'!$A$4="1ª", 'U1'!X9*'U1'!X$4, 0)+ IF('U2'!$A$4="1ª", 'U2'!X9*'U2'!X$4, 0)+ IF('U3'!$A$4="1ª", 'U3'!X9*'U3'!X$4, 0)+ IF('U4'!$A$4="1ª", 'U4'!X9*'U4'!X$4, 0)+ IF('U5'!$A$4="1ª", 'U5'!X9*'U5'!X$4, 0)+ IF('U6'!$A$4="1ª", 'U6'!X9*'U6'!X$4, 0)+ IF('U7'!$A$4="1ª", 'U7'!X9*'U7'!X$4, 0)+ IF('U8'!$A$4="1ª", 'U8'!X9*'U8'!X$4, 0)+ IF('U9'!$A$4="1ª", 'U9'!X9*'U9'!X$4, 0)+ IF('U10'!$A$4="1ª", 'U10'!X9*'U10'!X$4, 0)+ IF('U11'!$A$4="1ª", 'U11'!X9*'U11'!X$4, 0)+ IF('U12'!$A$4="1ª", 'U12'!X9*'U12'!X$4, 0)+ IF('U13'!$A$4="1ª", 'U13'!X9*'U13'!X$4, 0)+ IF('U14'!$A$4="1ª", 'U14'!X9*'U14'!X$4, 0)+ IF('U15'!$A$4="1ª", 'U15'!X9*'U15'!X$4, 0) ) /$CB$12 ) /AX$13, "") | AZ23: =IF(AZ$13>0, ( ( IF('U1'!$A$4="1ª", 'U1'!Y9*'U1'!Y$4, 0)+ IF('U2'!$A$4="1ª", 'U2'!Y9*'U2'!Y$4, 0)+ IF('U3'!$A$4="1ª", 'U3'!Y9*'U3'!Y$4, 0)+ IF('U4'!$A$4="1ª", 'U4'!Y9*'U4'!Y$4, 0)+ IF('U5'!$A$4="1ª", 'U5'!Y9*'U5'!Y$4, 0)+ IF('U6'!$A$4="1ª", 'U6'!Y9*'U6'!Y$4, 0)+ IF('U7'!$A$4="1ª", 'U7'!Y9*'U7'!Y$4, 0)+ IF('U8'!$A$4="1ª", 'U8'!Y9*'U8'!Y$4, 0)+ IF('U9'!$A$4="1ª", 'U9'!Y9*'U9'!Y$4, 0)+ IF('U10'!$A$4="1ª", 'U10'!Y9*'U10'!Y$4, 0)+ IF('U11'!$A$4="1ª", 'U11'!Y9*'U11'!Y$4, 0)+ IF('U12'!$A$4="1ª", 'U12'!Y9*'U12'!Y$4, 0)+ IF('U13'!$A$4="1ª", 'U13'!Y9*'U13'!Y$4, 0)+ IF('U14'!$A$4="1ª", 'U14'!Y9*'U14'!Y$4, 0)+ IF('U15'!$A$4="1ª", 'U15'!Y9*'U15'!Y$4, 0) ) /$CB$12 ) /AZ$13, "") | BB23: =IFERROR(SUM( MAX(BC23,BD23)*BC$13, MAX(BE23,BF23)*BE$13, MAX(BG23,BH23)*BG$13, MAX(BI23,BJ23)*BI$13, MAX(BK23,BL23)*BK$13, MAX(BM23,BN23)*BM$13 )/BB$14,"") -> 0 | BC23: =IF(BC$13>0, ( ( IF('U1'!$A$4="1ª", 'U1'!Z9*'U1'!Z$4, 0)+ IF('U2'!$A$4="1ª", 'U2'!Z9*'U2'!Z$4, 0)+ IF('U3'!$A$4="1ª", 'U3'!Z9*'U3'!Z$4, 0)+ IF('U4'!$A$4="1ª", 'U4'!Z9*'U4'!Z$4, 0)+ IF('U5'!$A$4="1ª", 'U5'!Z9*'U5'!Z$4, 0)+ IF('U6'!$A$4="1ª", 'U6'!Z9*'U6'!Z$4, 0)+ IF('U7'!$A$4="1ª", 'U7'!Z9*'U7'!Z$4, 0)+ IF('U8'!$A$4="1ª", 'U8'!Z9*'U8'!Z$4, 0)+ IF('U9'!$A$4="1ª", 'U9'!Z9*'U9'!Z$4, 0)+ IF('U10'!$A$4="1ª", 'U10'!Z9*'U10'!Z$4, 0)+ IF('U11'!$A$4="1ª", 'U11'!Z9*'U11'!Z$4, 0)+ IF('U12'!$A$4="1ª", 'U12'!Z9*'U12'!Z$4, 0)+ IF('U13'!$A$4="1ª", 'U13'!Z9*'U13'!Z$4, 0)+ IF('U14'!$A$4="1ª", 'U14'!Z9*'U14'!Z$4, 0)+ IF('U15'!$A$4="1ª", 'U15'!Z9*'U15'!Z$4, 0) ) /$CB$12 ) /BC$13, "") | BE23: =IF(BE$13>0, ( ( IF('U1'!$A$4="1ª", 'U1'!AA9*'U1'!AA$4, 0)+ IF('U2'!$A$4="1ª", 'U2'!AA9*'U2'!AA$4, 0)+ IF('U3'!$A$4="1ª", 'U3'!AA9*'U3'!AA$4, 0)+ IF('U4'!$A$4="1ª", 'U4'!AA9*'U4'!AA$4, 0)+ IF('U5'!$A$4="1ª", 'U5'!AA9*'U5'!AA$4, 0)+ IF('U6'!$A$4="1ª", 'U6'!AA9*'U6'!AA$4, 0)+ IF('U7'!$A$4="1ª", 'U7'!AA9*'U7'!AA$4, 0)+ IF('U8'!$A$4="1ª", 'U8'!AA9*'U8'!AA$4, 0)+ IF('U9'!$A$4="1ª", 'U9'!AA9*'U9'!AA$4, 0)+ IF('U10'!$A$4="1ª", 'U10'!AA9*'U10'!AA$4, 0)+ IF('U11'!$A$4="1ª", 'U11'!AA9*'U11'!AA$4, 0)+ IF('U12'!$A$4="1ª", 'U12'!AA9*'U12'!AA$4, 0)+ IF('U13'!$A$4="1ª", 'U13'!AA9*'U13'!AA$4, 0)+ IF('U14'!$A$4="1ª", 'U14'!AA9*'U14'!AA$4, 0)+ IF('U15'!$A$4="1ª", 'U15'!AA9*'U15'!AA$4, 0) ) /$CB$12 ) /BE$13, "") | BG23: =IF(BG$13>0, ( ( IF('U1'!$A$4="1ª", 'U1'!AB9*'U1'!AB$4, 0)+ IF('U2'!$A$4="1ª", 'U2'!AB9*'U2'!AB$4, 0)+ IF('U3'!$A$4="1ª", 'U3'!AB9*'U3'!AB$4, 0)+ IF('U4'!$A$4="1ª", 'U4'!AB9*'U4'!AB$4, 0)+ IF('U5'!$A$4="1ª", 'U5'!AB9*'U5'!AB$4, 0)+ IF('U6'!$A$4="1ª", 'U6'!AB9*'U6'!AB$4, 0)+ IF('U7'!$A$4="1ª", 'U7'!AB9*'U7'!AB$4, 0)+ IF('U8'!$A$4="1ª", 'U8'!AB9*'U8'!AB$4, 0)+ IF('U9'!$A$4="1ª", 'U9'!AB9*'U9'!AB$4, 0)+ IF('U10'!$A$4="1ª", 'U10'!AB9*'U10'!AB$4, 0)+ IF('U11'!$A$4="1ª", 'U11'!AB9*'U11'!AB$4, 0)+ IF('U12'!$A$4="1ª", 'U12'!AB9*'U12'!AB$4, 0)+ IF('U13'!$A$4="1ª", 'U13'!AB9*'U13'!AB$4, 0)+ IF('U14'!$A$4="1ª", 'U14'!AB9*'U14'!AB$4, 0)+ IF('U15'!$A$4="1ª", 'U15'!AB9*'U15'!AB$4, 0) ) /$CB$12 ) /BG$13, "") | BI23: =IF(BI$13>0, ( ( IF('U1'!$A$4="1ª", 'U1'!AC9*'U1'!AC$4, 0)+ IF('U2'!$A$4="1ª", 'U2'!AC9*'U2'!AC$4, 0)+ IF('U3'!$A$4="1ª", 'U3'!AC9*'U3'!AC$4, 0)+ IF('U4'!$A$4="1ª", 'U4'!AC9*'U4'!AC$4, 0)+ IF('U5'!$A$4="1ª", 'U5'!AC9*'U5'!AC$4, 0)+ IF('U6'!$A$4="1ª", 'U6'!AC9*'U6'!AC$4, 0)+ IF('U7'!$A$4="1ª", 'U7'!AC9*'U7'!AC$4, 0)+ IF('U8'!$A$4="1ª", 'U8'!AC9*'U8'!AC$4, 0)+ IF('U9'!$A$4="1ª", 'U9'!AC9*'U9'!AC$4, 0)+ IF('U10'!$A$4="1ª", 'U10'!AC9*'U10'!AC$4, 0)+ IF('U11'!$A$4="1ª", 'U11'!AC9*'U11'!AC$4, 0)+ IF('U12'!$A$4="1ª", 'U12'!AC9*'U12'!AC$4, 0)+ IF('U13'!$A$4="1ª", 'U13'!AC9*'U13'!AC$4, 0)+ IF('U14'!$A$4="1ª", 'U14'!AC9*'U14'!AC$4, 0)+ IF('U15'!$A$4="1ª", 'U15'!AC9*'U15'!AC$4, 0) ) /$CB$12 ) /BI$13, "") -> 0 | BK23: =IF(BK$13>0, ( ( IF('U1'!$A$4="1ª", 'U1'!AD9*'U1'!AD$4, 0)+ IF('U2'!$A$4="1ª", 'U2'!AD9*'U2'!AD$4, 0)+ IF('U3'!$A$4="1ª", 'U3'!AD9*'U3'!AD$4, 0)+ IF('U4'!$A$4="1ª", 'U4'!AD9*'U4'!AD$4, 0)+ IF('U5'!$A$4="1ª", 'U5'!AD9*'U5'!AD$4, 0)+ IF('U6'!$A$4="1ª", 'U6'!AD9*'U6'!AD$4, 0)+ IF('U7'!$A$4="1ª", 'U7'!AD9*'U7'!AD$4, 0)+ IF('U8'!$A$4="1ª", 'U8'!AD9*'U8'!AD$4, 0)+ IF('U9'!$A$4="1ª", 'U9'!AD9*'U9'!AD$4, 0)+ IF('U10'!$A$4="1ª", 'U10'!AD9*'U10'!AD$4, 0)+ IF('U11'!$A$4="1ª", 'U11'!AD9*'U11'!AD$4, 0)+ IF('U12'!$A$4="1ª", 'U12'!AD9*'U12'!AD$4, 0)+ IF('U13'!$A$4="1ª", 'U13'!AD9*'U13'!AD$4, 0)+ IF('U14'!$A$4="1ª", 'U14'!AD9*'U14'!AD$4, 0)+ IF('U15'!$A$4="1ª", 'U15'!AD9*'U15'!AD$4, 0) ) /$CB$12 ) /BK$13, "") | BM23: =IF(BM$13>0, ( ( IF('U1'!$A$4="1ª", 'U1'!AE9*'U1'!AE$4, 0)+ IF('U2'!$A$4="1ª", 'U2'!AE9*'U2'!AE$4, 0)+ IF('U3'!$A$4="1ª", 'U3'!AE9*'U3'!AE$4, 0)+ IF('U4'!$A$4="1ª", 'U4'!AE9*'U4'!AE$4, 0)+ IF('U5'!$A$4="1ª", 'U5'!AE9*'U5'!AE$4, 0)+ IF('U6'!$A$4="1ª", 'U6'!AE9*'U6'!AE$4, 0)+ IF('U7'!$A$4="1ª", 'U7'!AE9*'U7'!AE$4, 0)+ IF('U8'!$A$4="1ª", 'U8'!AE9*'U8'!AE$4, 0)+ IF('U9'!$A$4="1ª", 'U9'!AE9*'U9'!AE$4, 0)+ IF('U10'!$A$4="1ª", 'U10'!AE9*'U10'!AE$4, 0)+ IF('U11'!$A$4="1ª", 'U11'!AE9*'U11'!AE$4, 0)+ IF('U12'!$A$4="1ª", 'U12'!AE9*'U12'!AE$4, 0)+ IF('U13'!$A$4="1ª", 'U13'!AE9*'U13'!AE$4, 0)+ IF('U14'!$A$4="1ª", 'U14'!AE9*'U14'!AE$4, 0)+ IF('U15'!$A$4="1ª", 'U15'!AE9*'U15'!AE$4, 0) ) /$CB$12 ) /BM$13, "") | BO23: =IFERROR(SUM( MAX(BP23,BQ23)*BP$13, MAX(BR23,BS23)*BR$13, MAX(BT23,BU23)*BT$13, MAX(BV23,BW23)*BV$13, MAX(BX23,BY23)*BX$13, MAX(BZ23,CA23)*BZ$13 )/BO$14,"") | BP23: =IF(BP$13>0, ( ( IF('U1'!$A$4="1ª", 'U1'!AF9*'U1'!AF$4, 0)+ IF('U2'!$A$4="1ª", 'U2'!AF9*'U2'!AF$4, 0)+ IF('U3'!$A$4="1ª", 'U3'!AF9*'U3'!AF$4, 0)+ IF('U4'!$A$4="1ª", 'U4'!AF9*'U4'!AF$4, 0)+ IF('U5'!$A$4="1ª", 'U5'!AF9*'U5'!AF$4, 0)+ IF('U6'!$A$4="1ª", 'U6'!AF9*'U6'!AF$4, 0)+ IF('U7'!$A$4="1ª", 'U7'!AF9*'U7'!AF$4, 0)+ IF('U8'!$A$4="1ª", 'U8'!AF9*'U8'!AF$4, 0)+ IF('U9'!$A$4="1ª", 'U9'!AF9*'U9'!AF$4, 0)+ IF('U10'!$A$4="1ª", 'U10'!AF9*'U10'!AF$4, 0)+ IF('U11'!$A$4="1ª", 'U11'!AF9*'U11'!AF$4, 0)+ IF('U12'!$A$4="1ª", 'U12'!AF9*'U12'!AF$4, 0)+ IF('U13'!$A$4="1ª", 'U13'!AF9*'U13'!AF$4, 0)+ IF('U14'!$A$4="1ª", 'U14'!AF9*'U14'!AF$4, 0)+ IF('U15'!$A$4="1ª", 'U15'!AF9*'U15'!AF$4, 0) ) /$CB$12 ) /BP$13, "") | BR23: =IF(BR$13>0, ( ( IF('U1'!$A$4="1ª", 'U1'!AG9*'U1'!AG$4, 0)+ IF('U2'!$A$4="1ª", 'U2'!AG9*'U2'!AG$4, 0)+ IF('U3'!$A$4="1ª", 'U3'!AG9*'U3'!AG$4, 0)+ IF('U4'!$A$4="1ª", 'U4'!AG9*'U4'!AG$4, 0)+ IF('U5'!$A$4="1ª", 'U5'!AG9*'U5'!AG$4, 0)+ IF('U6'!$A$4="1ª", 'U6'!AG9*'U6'!AG$4, 0)+ IF('U7'!$A$4="1ª", 'U7'!AG9*'U7'!AG$4, 0)+ IF('U8'!$A$4="1ª", 'U8'!AG9*'U8'!AG$4, 0)+ IF('U9'!$A$4="1ª", 'U9'!AG9*'U9'!AG$4, 0)+ IF('U10'!$A$4="1ª", 'U10'!AG9*'U10'!AG$4, 0)+ IF('U11'!$A$4="1ª", 'U11'!AG9*'U11'!AG$4, 0)+ IF('U12'!$A$4="1ª", 'U12'!AG9*'U12'!AG$4, 0)+ IF('U13'!$A$4="1ª", 'U13'!AG9*'U13'!AG$4, 0)+ IF('U14'!$A$4="1ª", 'U14'!AG9*'U14'!AG$4, 0)+ IF('U15'!$A$4="1ª", 'U15'!AG9*'U15'!AG$4, 0) ) /$CB$12 ) /BR$13, "") | BT23: =IF(BT$13>0, ( ( IF('U1'!$A$4="1ª", 'U1'!AH9*'U1'!AH$4, 0)+ IF('U2'!$A$4="1ª", 'U2'!AH9*'U2'!AH$4, 0)+ IF('U3'!$A$4="1ª", 'U3'!AH9*'U3'!AH$4, 0)+ IF('U4'!$A$4="1ª", 'U4'!AH9*'U4'!AH$4, 0)+ IF('U5'!$A$4="1ª", 'U5'!AH9*'U5'!AH$4, 0)+ IF('U6'!$A$4="1ª", 'U6'!AH9*'U6'!AH$4, 0)+ IF('U7'!$A$4="1ª", 'U7'!AH9*'U7'!AH$4, 0)+ IF('U8'!$A$4="1ª", 'U8'!AH9*'U8'!AH$4, 0)+ IF('U9'!$A$4="1ª", 'U9'!AH9*'U9'!AH$4, 0)+ IF('U10'!$A$4="1ª", 'U10'!AH9*'U10'!AH$4, 0)+ IF('U11'!$A$4="1ª", 'U11'!AH9*'U11'!AH$4, 0)+ IF('U12'!$A$4="1ª", 'U12'!AH9*'U12'!AH$4, 0)+ IF('U13'!$A$4="1ª", 'U13'!AH9*'U13'!AH$4, 0)+ IF('U14'!$A$4="1ª", 'U14'!AH9*'U14'!AH$4, 0)+ IF('U15'!$A$4="1ª", 'U15'!AH9*'U15'!AH$4, 0) ) /$CB$12 ) /BT$13, "") | BV23: =IF(BT$13>0, ( ( IF('U1'!$A$4="1ª", 'U1'!AH9*'U1'!AH$4, 0)+ IF('U2'!$A$4="1ª", 'U2'!AH9*'U2'!AH$4, 0)+ IF('U3'!$A$4="1ª", 'U3'!AH9*'U3'!AH$4, 0)+ IF('U4'!$A$4="1ª", 'U4'!AH9*'U4'!AH$4, 0)+ IF('U5'!$A$4="1ª", 'U5'!AH9*'U5'!AH$4, 0)+ IF('U6'!$A$4="1ª", 'U6'!AH9*'U6'!AH$4, 0)+ IF('U7'!$A$4="1ª", 'U7'!AH9*'U7'!AH$4, 0)+ IF('U8'!$A$4="1ª", 'U8'!AH9*'U8'!AH$4, 0)+ IF('U9'!$A$4="1ª", 'U9'!AH9*'U9'!AH$4, 0)+ IF('U10'!$A$4="1ª", 'U10'!AH9*'U10'!AH$4, 0)+ IF('U11'!$A$4="1ª", 'U11'!AH9*'U11'!AH$4, 0)+ IF('U12'!$A$4="1ª", 'U12'!AH9*'U12'!AH$4, 0)+ IF('U13'!$A$4="1ª", 'U13'!AH9*'U13'!AH$4, 0)+ IF('U14'!$A$4="1ª", 'U14'!AH9*'U14'!AH$4, 0)+ IF('U15'!$A$4="1ª", 'U15'!AH9*'U15'!AH$4, 0) ) /$CB$12 ) /BT$13, "") | BX23: =IF(BV$13>0, ( ( IF('U1'!$A$4="1ª", 'U1'!AI9*'U1'!AI$4, 0)+ IF('U2'!$A$4="1ª", 'U2'!AI9*'U2'!AI$4, 0)+ IF('U3'!$A$4="1ª", 'U3'!AI9*'U3'!AI$4, 0)+ IF('U4'!$A$4="1ª", 'U4'!AI9*'U4'!AI$4, 0)+ IF('U5'!$A$4="1ª", 'U5'!AI9*'U5'!AI$4, 0)+ IF('U6'!$A$4="1ª", 'U6'!AI9*'U6'!AI$4, 0)+ IF('U7'!$A$4="1ª", 'U7'!AI9*'U7'!AI$4, 0)+ IF('U8'!$A$4="1ª", 'U8'!AI9*'U8'!AI$4, 0)+ IF('U9'!$A$4="1ª", 'U9'!AI9*'U9'!AI$4, 0)+ IF('U10'!$A$4="1ª", 'U10'!AI9*'U10'!AI$4, 0)+ IF('U11'!$A$4="1ª", 'U11'!AI9*'U11'!AI$4, 0)+ IF('U12'!$A$4="1ª", 'U12'!AI9*'U12'!AI$4, 0)+ IF('U13'!$A$4="1ª", 'U13'!AI9*'U13'!AI$4, 0)+ IF('U14'!$A$4="1ª", 'U14'!AI9*'U14'!AI$4, 0)+ IF('U15'!$A$4="1ª", 'U15'!AI9*'U15'!AI$4, 0) ) /$CB$12 ) /BV$13, "") | BZ23: =IF(BZ$13>0, ( ( IF('U1'!$A$4="1ª", 'U1'!AK9*'U1'!AK$4, 0)+ IF('U2'!$A$4="1ª", 'U2'!AK9*'U2'!AK$4, 0)+ IF('U3'!$A$4="1ª", 'U3'!AK9*'U3'!AK$4, 0)+ IF('U4'!$A$4="1ª", 'U4'!AK9*'U4'!AK$4, 0)+ IF('U5'!$A$4="1ª", 'U5'!AK9*'U5'!AK$4, 0)+ IF('U6'!$A$4="1ª", 'U6'!AK9*'U6'!AK$4, 0)+ IF('U7'!$A$4="1ª", 'U7'!AK9*'U7'!AK$4, 0)+ IF('U8'!$A$4="1ª", 'U8'!AK9*'U8'!AK$4, 0)+ IF('U9'!$A$4="1ª", 'U9'!AK9*'U9'!AK$4, 0)+ IF('U10'!$A$4="1ª", 'U10'!AK9*'U10'!AK$4, 0)+ IF('U11'!$A$4="1ª", 'U11'!AK9*'U11'!AK$4, 0)+ IF('U12'!$A$4="1ª", 'U12'!AK9*'U12'!AK$4, 0)+ IF('U13'!$A$4="1ª", 'U13'!AK9*'U13'!AK$4, 0)+ IF('U14'!$A$4="1ª", 'U14'!AK9*'U14'!AK$4, 0)+ IF('U15'!$A$4="1ª", 'U15'!AK9*'U15'!AK$4, 0) ) /$CB$12 ) /BZ$13, "") | CB23: =MAX(P23,Q23)*$P$13 +MAX(R23,S23)*$R$13 +MAX(T23,U23)*$T$13 +MAX(V23,W23)*$V$13 +MAX(X23,Y23)*$X$13 +MAX(Z23,AA23)*$Z$13+MAX(C23,D23)*$C$13 +MAX(E23,F23)*$E$13 +MAX(G23,H23)*$G$13 +MAX(I23,J23)*$I$13 +MAX(K23,L23)*$K$13 +MAX(M23,N23)*$M$13+MAX(AC23,AD23)*$AC$13 +MAX(AE23,AF23)*$AE$13 +MAX(AG23,AH23)*$AG$13 +MAX(AI23,AJ23)*$AI$13 +MAX(AK23,AL23)*$AK$13 +MAX(AM23,AN23)*$AM$13+MAX(AP23,AQ23)*$AP$13 +MAX(AR23,AS23)*$AR$13 +MAX(AT23,AU23)*$AT$13 +MAX(AV23,AW23)*$AV$13 +MAX(AX23,AY23)*$AX$13 +MAX(AZ23,BA23)*$AZ$13+MAX(BC23,BD23)*$BC$13 +MAX(BE23,BF23)*$BE$13 +MAX(BG23,BH23)*$BG$13 +MAX(BI23,BJ23)*$BI$13 +MAX(BK23,BL23)*$BK$13 +MAX(BM23,BN23)*$BM$13+MAX(BP23,BQ23)*$BP$13 +MAX(BR23,BS23)*$BR$13 +MAX(BT23,BU23)*$BT$13 +MAX(BV23,BW23)*$BV$13 +MAX(BX23,BY23)*$BX$13 +MAX(BZ23,CA23)*$BZ$13 -> 0 | CC23: =B23*$B$14+O23*$O$14+AB23*$AB$14+AO23*$AO$14+BB23*$BB$14 -> 0
A24: Rodra�guez Jimaanez, Pablo | B24: =IFERROR(SUM( MAX(C24,D24)*C$13, MAX(E24,F24)*E$13, MAX(G24,H24)*G$13, MAX(I24,J24)*I$13, MAX(K24,L24)*K$13, MAX(M24,N24)*M$13 )/B$14,"") -> 0 | C24: =IF(C$13>0, ( ( IF('U1'!$A$4="1ª", 'U1'!B10*'U1'!B$4, 0) + IF('U2'!$A$4="1ª", 'U2'!B10*'U2'!B$4, 0) + IF('U3'!$A$4="1ª", 'U3'!B10*'U3'!B$4, 0) + IF('U4'!$A$4="1ª", 'U4'!B10*'U4'!B$4, 0) + IF('U5'!$A$4="1ª", 'U5'!B10*'U5'!B$4, 0) + IF('U6'!$A$4="1ª", 'U6'!B10*'U6'!B$4, 0) + IF('U7'!$A$4="1ª", 'U7'!B10*'U7'!B$4, 0) + IF('U8'!$A$4="1ª", 'U8'!B10*'U8'!B$4, 0) + IF('U9'!$A$4="1ª", 'U9'!B10*'U9'!B$4, 0) + IF('U10'!$A$4="1ª", 'U10'!B10*'U10'!B$4, 0) + IF('U11'!$A$4="1ª", 'U11'!B10*'U11'!B$4, 0) + IF('U12'!$A$4="1ª", 'U12'!B10*'U12'!B$4, 0) + IF('U13'!$A$4="1ª", 'U13'!B10*'U13'!B$4, 0) + IF('U14'!$A$4="1ª", 'U14'!B10*'U14'!B$4, 0) + IF('U15'!$A$4="1ª", 'U15'!B10*'U15'!B$4, 0) ) /$CB$12 ) /C$13, "") -> 0 | E24: =IF(E$13>0, ( ( IF('U1'!$A$4="1ª", 'U1'!C10*'U1'!C$4, 0) + IF('U2'!$A$4="1ª", 'U2'!C10*'U2'!C$4, 0) + IF('U3'!$A$4="1ª", 'U3'!C10*'U3'!C$4, 0) + IF('U4'!$A$4="1ª", 'U4'!C10*'U4'!C$4, 0) + IF('U5'!$A$4="1ª", 'U5'!C10*'U5'!C$4, 0) + IF('U6'!$A$4="1ª", 'U6'!C10*'U6'!C$4, 0) + IF('U7'!$A$4="1ª", 'U7'!C10*'U7'!C$4, 0) + IF('U8'!$A$4="1ª", 'U8'!C10*'U8'!C$4, 0) + IF('U9'!$A$4="1ª", 'U9'!C10*'U9'!C$4, 0) + IF('U10'!$A$4="1ª", 'U10'!C10*'U10'!C$4, 0) + IF('U11'!$A$4="1ª", 'U11'!C10*'U11'!C$4, 0) + IF('U12'!$A$4="1ª", 'U12'!C10*'U12'!C$4, 0) + IF('U13'!$A$4="1ª", 'U13'!C10*'U13'!C$4, 0) + IF('U14'!$A$4="1ª", 'U14'!C10*'U14'!C$4, 0) + IF('U15'!$A$4="1ª", 'U15'!C10*'U15'!C$4, 0) ) /$CB$12 ) /E$13, "") -> 0 | G24: =IF(G$13>0, ( ( IF('U1'!$A$4="1ª", 'U1'!D10*'U1'!D$4, 0) + IF('U2'!$A$4="1ª", 'U2'!D10*'U2'!D$4, 0) + IF('U3'!$A$4="1ª", 'U3'!D10*'U3'!D$4, 0) + IF('U4'!$A$4="1ª", 'U4'!D10*'U4'!D$4, 0) + IF('U5'!$A$4="1ª", 'U5'!D10*'U5'!D$4, 0) + IF('U6'!$A$4="1ª", 'U6'!D10*'U6'!D$4, 0) + IF('U7'!$A$4="1ª", 'U7'!D10*'U7'!D$4, 0) + IF('U8'!$A$4="1ª", 'U8'!D10*'U8'!D$4, 0) + IF('U9'!$A$4="1ª", 'U9'!D10*'U9'!D$4, 0) + IF('U10'!$A$4="1ª", 'U10'!D10*'U10'!D$4, 0) + IF('U11'!$A$4="1ª", 'U11'!D10*'U11'!D$4, 0) + IF('U12'!$A$4="1ª", 'U12'!D10*'U12'!D$4, 0) + IF('U13'!$A$4="1ª", 'U13'!D10*'U13'!D$4, 0) + IF('U14'!$A$4="1ª", 'U14'!D10*'U14'!D$4, 0) + IF('U15'!$A$4="1ª", 'U15'!D10*'U15'!D$4, 0) ) /$CB$12 ) /G$13, "") -> 0 | I24: =IF(I$13>0, ( ( IF('U1'!$A$4="1ª", 'U1'!E10*'U1'!E$4, 0) + IF('U2'!$A$4="1ª", 'U2'!E10*'U2'!E$4, 0) + IF('U3'!$A$4="1ª", 'U3'!E10*'U3'!E$4, 0) + IF('U4'!$A$4="1ª", 'U4'!E10*'U4'!E$4, 0) + IF('U5'!$A$4="1ª", 'U5'!E10*'U5'!E$4, 0) + IF('U6'!$A$4="1ª", 'U6'!E10*'U6'!E$4, 0) + IF('U7'!$A$4="1ª", 'U7'!E10*'U7'!E$4, 0) + IF('U8'!$A$4="1ª", 'U8'!E10*'U8'!E$4, 0) + IF('U9'!$A$4="1ª", 'U9'!E10*'U9'!E$4, 0) + IF('U10'!$A$4="1ª", 'U10'!E10*'U10'!E$4, 0) + IF('U11'!$A$4="1ª", 'U11'!E10*'U11'!E$4, 0) + IF('U12'!$A$4="1ª", 'U12'!E10*'U12'!E$4, 0) + IF('U13'!$A$4="1ª", 'U13'!E10*'U13'!E$4, 0) + IF('U14'!$A$4="1ª", 'U14'!E10*'U14'!E$4, 0) + IF('U15'!$A$4="1ª", 'U15'!E10*'U15'!E$4, 0) ) /$CB$12 ) /I$13, "") -> 0 | K24: =IF(K$13>0, ( ( IF('U1'!$A$4="1ª", 'U1'!F10*'U1'!F$4, 0) + IF('U2'!$A$4="1ª", 'U2'!F10*'U2'!F$4, 0) + IF('U3'!$A$4="1ª", 'U3'!F10*'U3'!F$4, 0) + IF('U4'!$A$4="1ª", 'U4'!F10*'U4'!F$4, 0) + IF('U5'!$A$4="1ª", 'U5'!F10*'U5'!F$4, 0) + IF('U6'!$A$4="1ª", 'U6'!F10*'U6'!F$4, 0) + IF('U7'!$A$4="1ª", 'U7'!F10*'U7'!F$4, 0) + IF('U8'!$A$4="1ª", 'U8'!F10*'U8'!F$4, 0) + IF('U9'!$A$4="1ª", 'U9'!F10*'U9'!F$4, 0) + IF('U10'!$A$4="1ª", 'U10'!F10*'U10'!F$4, 0) + IF('U11'!$A$4="1ª", 'U11'!F10*'U11'!F$4, 0) + IF('U12'!$A$4="1ª", 'U12'!F10*'U12'!F$4, 0) + IF('U13'!$A$4="1ª", 'U13'!F10*'U13'!F$4, 0) + IF('U14'!$A$4="1ª", 'U14'!F10*'U14'!F$4, 0) + IF('U15'!$A$4="1ª", 'U15'!F10*'U15'!F$4, 0) ) /$CB$12 ) /K$13, "") -> 0 | M24: =IF(M$13>0, ( ( IF('U1'!$A$4="1ª", 'U1'!G10*'U1'!G$4, 0) + IF('U2'!$A$4="1ª", 'U2'!G10*'U2'!G$4, 0) + IF('U3'!$A$4="1ª", 'U3'!G10*'U3'!G$4, 0) + IF('U4'!$A$4="1ª", 'U4'!G10*'U4'!G$4, 0) + IF('U5'!$A$4="1ª", 'U5'!G10*'U5'!G$4, 0) + IF('U6'!$A$4="1ª", 'U6'!G10*'U6'!G$4, 0) + IF('U7'!$A$4="1ª", 'U7'!G10*'U7'!G$4, 0) + IF('U8'!$A$4="1ª", 'U8'!G10*'U8'!G$4, 0) + IF('U9'!$A$4="1ª", 'U9'!G10*'U9'!G$4, 0) + IF('U10'!$A$4="1ª", 'U10'!G10*'U10'!G$4, 0) + IF('U11'!$A$4="1ª", 'U11'!G10*'U11'!G$4, 0) + IF('U12'!$A$4="1ª", 'U12'!G10*'U12'!G$4, 0) + IF('U13'!$A$4="1ª", 'U13'!G10*'U13'!G$4, 0) + IF('U14'!$A$4="1ª", 'U14'!G10*'U14'!G$4, 0) + IF('U15'!$A$4="1ª", 'U15'!G10*'U15'!G$4, 0) ) /$CB$12 ) /M$13, "") | O24: =IFERROR(SUM( MAX(P24,Q24)*P$13, MAX(R24,S24)*R$13, MAX(T24,U24)*T$13, MAX(V24,W24)*V$13, MAX(X24,Y24)*X$13, MAX(Z24,AA24)*Z$13 )/O$14,"") -> 0 | P24: =IF(P$13>0, ( ( IF('U1'!$A$4="1ª", 'U1'!H10*'U1'!H$4, 0) + IF('U2'!$A$4="1ª", 'U2'!H10*'U2'!H$4, 0) + IF('U3'!$A$4="1ª", 'U3'!H10*'U3'!H$4, 0) + IF('U4'!$A$4="1ª", 'U4'!H10*'U4'!H$4, 0) + IF('U5'!$A$4="1ª", 'U5'!H10*'U5'!H$4, 0) + IF('U6'!$A$4="1ª", 'U6'!H10*'U6'!H$4, 0) + IF('U7'!$A$4="1ª", 'U7'!H10*'U7'!H$4, 0) + IF('U8'!$A$4="1ª", 'U8'!H10*'U8'!H$4, 0) + IF('U9'!$A$4="1ª", 'U9'!H10*'U9'!H$4, 0) + IF('U10'!$A$4="1ª", 'U10'!H10*'U10'!H$4, 0) + IF('U11'!$A$4="1ª", 'U11'!H10*'U11'!H$4, 0) + IF('U12'!$A$4="1ª", 'U12'!H10*'U12'!H$4, 0) + IF('U13'!$A$4="1ª", 'U13'!H10*'U13'!H$4, 0) + IF('U14'!$A$4="1ª", 'U14'!H10*'U14'!H$4, 0) + IF('U15'!$A$4="1ª", 'U15'!H10*'U15'!H$4, 0) ) /$CB$12 ) /P$13, "") -> 0 | R24: =IF(R$13>0, ( ( IF('U1'!$A$4="1ª", 'U1'!I10*'U1'!I$4, 0) + IF('U2'!$A$4="1ª", 'U2'!I10*'U2'!I$4, 0) + IF('U3'!$A$4="1ª", 'U3'!I10*'U3'!I$4, 0) + IF('U4'!$A$4="1ª", 'U4'!I10*'U4'!I$4, 0) + IF('U5'!$A$4="1ª", 'U5'!I10*'U5'!I$4, 0) + IF('U6'!$A$4="1ª", 'U6'!I10*'U6'!I$4, 0) + IF('U7'!$A$4="1ª", 'U7'!I10*'U7'!I$4, 0) + IF('U8'!$A$4="1ª", 'U8'!I10*'U8'!I$4, 0) + IF('U9'!$A$4="1ª", 'U9'!I10*'U9'!I$4, 0) + IF('U10'!$A$4="1ª", 'U10'!I10*'U10'!I$4, 0) + IF('U11'!$A$4="1ª", 'U11'!I10*'U11'!I$4, 0) + IF('U12'!$A$4="1ª", 'U12'!I10*'U12'!I$4, 0) + IF('U13'!$A$4="1ª", 'U13'!I10*'U13'!I$4, 0) + IF('U14'!$A$4="1ª", 'U14'!I10*'U14'!I$4, 0) + IF('U15'!$A$4="1ª", 'U15'!I10*'U15'!I$4, 0) ) /$CB$12 ) /R$13, "") -> 0 | T24: =IF(T$13>0, ( ( IF('U1'!$A$4="1ª", 'U1'!J10*'U1'!J$4, 0) + IF('U2'!$A$4="1ª", 'U2'!J10*'U2'!J$4, 0) + IF('U3'!$A$4="1ª", 'U3'!J10*'U3'!J$4, 0) + IF('U4'!$A$4="1ª", 'U4'!J10*'U4'!J$4, 0) + IF('U5'!$A$4="1ª", 'U5'!J10*'U5'!J$4, 0) + IF('U6'!$A$4="1ª", 'U6'!J10*'U6'!J$4, 0) + IF('U7'!$A$4="1ª", 'U7'!J10*'U7'!J$4, 0) + IF('U8'!$A$4="1ª", 'U8'!J10*'U8'!J$4, 0) + IF('U9'!$A$4="1ª", 'U9'!J10*'U9'!J$4, 0) + IF('U10'!$A$4="1ª", 'U10'!J10*'U10'!J$4, 0) + IF('U11'!$A$4="1ª", 'U11'!J10*'U11'!J$4, 0) + IF('U12'!$A$4="1ª", 'U12'!J10*'U12'!J$4, 0) + IF('U13'!$A$4="1ª", 'U13'!J10*'U13'!J$4, 0) + IF('U14'!$A$4="1ª", 'U14'!J10*'U14'!J$4, 0) + IF('U15'!$A$4="1ª", 'U15'!J10*'U15'!J$4, 0) ) /$CB$12 ) /T$13, "") -> 0 | V24: =IF(V$13>0, ( ( IF('U1'!$A$4="1ª", 'U1'!K10*'U1'!K$4, 0) + IF('U2'!$A$4="1ª", 'U2'!K10*'U2'!K$4, 0) + IF('U3'!$A$4="1ª", 'U3'!K10*'U3'!K$4, 0) + IF('U4'!$A$4="1ª", 'U4'!K10*'U4'!K$4, 0) + IF('U5'!$A$4="1ª", 'U5'!K10*'U5'!K$4, 0) + IF('U6'!$A$4="1ª", 'U6'!K10*'U6'!K$4, 0) + IF('U7'!$A$4="1ª", 'U7'!K10*'U7'!K$4, 0) + IF('U8'!$A$4="1ª", 'U8'!K10*'U8'!K$4, 0) + IF('U9'!$A$4="1ª", 'U9'!K10*'U9'!K$4, 0) + IF('U10'!$A$4="1ª", 'U10'!K10*'U10'!K$4, 0) + IF('U11'!$A$4="1ª", 'U11'!K10*'U11'!K$4, 0) + IF('U12'!$A$4="1ª", 'U12'!K10*'U12'!K$4, 0) + IF('U13'!$A$4="1ª", 'U13'!K10*'U13'!K$4, 0) + IF('U14'!$A$4="1ª", 'U14'!K10*'U14'!K$4, 0) + IF('U15'!$A$4="1ª", 'U15'!K10*'U15'!K$4, 0) ) /$CB$12 ) /V$13, "") -> 0 | X24: =IF(X$13>0, ( ( IF('U1'!$A$4="1ª", 'U1'!L10*'U1'!L$4, 0) + IF('U2'!$A$4="1ª", 'U2'!L10*'U2'!L$4, 0) + IF('U3'!$A$4="1ª", 'U3'!L10*'U3'!L$4, 0) + IF('U4'!$A$4="1ª", 'U4'!L10*'U4'!L$4, 0) + IF('U5'!$A$4="1ª", 'U5'!L10*'U5'!L$4, 0) + IF('U6'!$A$4="1ª", 'U6'!L10*'U6'!L$4, 0) + IF('U7'!$A$4="1ª", 'U7'!L10*'U7'!L$4, 0) + IF('U8'!$A$4="1ª", 'U8'!L10*'U8'!L$4, 0) + IF('U9'!$A$4="1ª", 'U9'!L10*'U9'!L$4, 0) + IF('U10'!$A$4="1ª", 'U10'!L10*'U10'!L$4, 0) + IF('U11'!$A$4="1ª", 'U11'!L10*'U11'!L$4, 0) + IF('U12'!$A$4="1ª", 'U12'!L10*'U12'!L$4, 0) + IF('U13'!$A$4="1ª", 'U13'!L10*'U13'!L$4, 0) + IF('U14'!$A$4="1ª", 'U14'!L10*'U14'!L$4, 0) + IF('U15'!$A$4="1ª", 'U15'!L10*'U15'!L$4, 0) ) /$CB$12 ) /X$13, "") | Z24: =IF(Z$13>0, ( ( IF('U1'!$A$4="1ª", 'U1'!M10*'U1'!M$4, 0) + IF('U2'!$A$4="1ª", 'U2'!M10*'U2'!M$4, 0) + IF('U3'!$A$4="1ª", 'U3'!M10*'U3'!M$4, 0) + IF('U4'!$A$4="1ª", 'U4'!M10*'U4'!M$4, 0) + IF('U5'!$A$4="1ª", 'U5'!M10*'U5'!M$4, 0) + IF('U6'!$A$4="1ª", 'U6'!M10*'U6'!M$4, 0) + IF('U7'!$A$4="1ª", 'U7'!M10*'U7'!M$4, 0) + IF('U8'!$A$4="1ª", 'U8'!M10*'U8'!M$4, 0) + IF('U9'!$A$4="1ª", 'U9'!M10*'U9'!M$4, 0) + IF('U10'!$A$4="1ª", 'U10'!M10*'U10'!M$4, 0) + IF('U11'!$A$4="1ª", 'U11'!M10*'U11'!M$4, 0) + IF('U12'!$A$4="1ª", 'U12'!M10*'U12'!M$4, 0) + IF('U13'!$A$4="1ª", 'U13'!M10*'U13'!M$4, 0) + IF('U14'!$A$4="1ª", 'U14'!M10*'U14'!M$4, 0) + IF('U15'!$A$4="1ª", 'U15'!M10*'U15'!M$4, 0) ) /$CB$12 ) /Z$13, "") | AB24: =IFERROR(SUM( MAX(AC24,AD24)*AC$13, MAX(AE24,AF24)*AE$13, MAX(AG24,AH24)*AG$13, MAX(AI24,AJ24)*AI$13, MAX(AK24,AL24)*AK$13, MAX(AM24,AN24)*AM$13 )/AB$14,"") -> 0 | AC24: =IF(AC$13>0, ( ( IF('U1'!$A$4="1ª", 'U1'!N10*'U1'!N$4, 0) + IF('U2'!$A$4="1ª", 'U2'!N10*'U2'!N$4, 0) + IF('U3'!$A$4="1ª", 'U3'!N10*'U3'!N$4, 0) + IF('U4'!$A$4="1ª", 'U4'!N10*'U4'!N$4, 0) + IF('U5'!$A$4="1ª", 'U5'!N10*'U5'!N$4, 0) + IF('U6'!$A$4="1ª", 'U6'!N10*'U6'!N$4, 0) + IF('U7'!$A$4="1ª", 'U7'!N10*'U7'!N$4, 0) + IF('U8'!$A$4="1ª", 'U8'!N10*'U8'!N$4, 0) + IF('U9'!$A$4="1ª", 'U9'!N10*'U9'!N$4, 0) + IF('U10'!$A$4="1ª", 'U10'!N10*'U10'!N$4, 0) + IF('U11'!$A$4="1ª", 'U11'!N10*'U11'!N$4, 0) + IF('U12'!$A$4="1ª", 'U12'!N10*'U12'!N$4, 0) + IF('U13'!$A$4="1ª", 'U13'!N10*'U13'!N$4, 0) + IF('U14'!$A$4="1ª", 'U14'!N10*'U14'!N$4, 0) + IF('U15'!$A$4="1ª", 'U15'!N10*'U15'!N$4, 0) ) /$CB$12 ) /AC$13, "") | AE24: =IF(AE$13>0, ( ( IF('U1'!$A$4="1ª", 'U1'!O10*'U1'!O$4, 0)+ IF('U2'!$A$4="1ª", 'U2'!O10*'U2'!O$4, 0)+ IF('U3'!$A$4="1ª", 'U3'!O10*'U3'!O$4, 0)+ IF('U4'!$A$4="1ª", 'U4'!O10*'U4'!O$4, 0)+ IF('U5'!$A$4="1ª", 'U5'!O10*'U5'!O$4, 0)+ IF('U6'!$A$4="1ª", 'U6'!O10*'U6'!O$4, 0)+ IF('U7'!$A$4="1ª", 'U7'!O10*'U7'!O$4, 0)+ IF('U8'!$A$4="1ª", 'U8'!O10*'U8'!O$4, 0)+ IF('U9'!$A$4="1ª", 'U9'!O10*'U9'!O$4, 0)+ IF('U10'!$A$4="1ª", 'U10'!O10*'U10'!O$4, 0)+ IF('U11'!$A$4="1ª", 'U11'!O10*'U11'!O$4, 0)+ IF('U12'!$A$4="1ª", 'U12'!O10*'U12'!O$4, 0)+ IF('U13'!$A$4="1ª", 'U13'!O10*'U13'!O$4, 0)+ IF('U14'!$A$4="1ª", 'U14'!O10*'U14'!O$4, 0)+ IF('U15'!$A$4="1ª", 'U15'!O10*'U15'!O$4, 0) ) /$CB$12 ) /AE$13, "") | AG24: =IF(AG$13>0, ( ( IF('U1'!$A$4="1ª", 'U1'!P10*'U1'!P$4, 0)+ IF('U2'!$A$4="1ª", 'U2'!P10*'U2'!P$4, 0)+ IF('U3'!$A$4="1ª", 'U3'!P10*'U3'!P$4, 0)+ IF('U4'!$A$4="1ª", 'U4'!P10*'U4'!P$4, 0)+ IF('U5'!$A$4="1ª", 'U5'!P10*'U5'!P$4, 0)+ IF('U6'!$A$4="1ª", 'U6'!P10*'U6'!P$4, 0)+ IF('U7'!$A$4="1ª", 'U7'!P10*'U7'!P$4, 0)+ IF('U8'!$A$4="1ª", 'U8'!P10*'U8'!P$4, 0)+ IF('U9'!$A$4="1ª", 'U9'!P10*'U9'!P$4, 0)+ IF('U10'!$A$4="1ª", 'U10'!P10*'U10'!P$4, 0)+ IF('U11'!$A$4="1ª", 'U11'!P10*'U11'!P$4, 0)+ IF('U12'!$A$4="1ª", 'U12'!P10*'U12'!P$4, 0)+ IF('U13'!$A$4="1ª", 'U13'!P10*'U13'!P$4, 0)+ IF('U14'!$A$4="1ª", 'U14'!P10*'U14'!P$4, 0)+ IF('U15'!$A$4="1ª", 'U15'!P10*'U15'!P$4, 0) ) /$CB$12 ) /AG$13, "") | AI24: =IF(AI$13>0, ( ( IF('U1'!$A$4="1ª", 'U1'!Q10*'U1'!Q$4, 0)+ IF('U2'!$A$4="1ª", 'U2'!Q10*'U2'!Q$4, 0)+ IF('U3'!$A$4="1ª", 'U3'!Q10*'U3'!Q$4, 0)+ IF('U4'!$A$4="1ª", 'U4'!Q10*'U4'!Q$4, 0)+ IF('U5'!$A$4="1ª", 'U5'!Q10*'U5'!Q$4, 0)+ IF('U6'!$A$4="1ª", 'U6'!Q10*'U6'!Q$4, 0)+ IF('U7'!$A$4="1ª", 'U7'!Q10*'U7'!Q$4, 0)+ IF('U8'!$A$4="1ª", 'U8'!Q10*'U8'!Q$4, 0)+ IF('U9'!$A$4="1ª", 'U9'!Q10*'U9'!Q$4, 0)+ IF('U10'!$A$4="1ª", 'U10'!Q10*'U10'!Q$4, 0)+ IF('U11'!$A$4="1ª", 'U11'!Q10*'U11'!Q$4, 0)+ IF('U12'!$A$4="1ª", 'U12'!Q10*'U12'!Q$4, 0)+ IF('U13'!$A$4="1ª", 'U13'!Q10*'U13'!Q$4, 0)+ IF('U14'!$A$4="1ª", 'U14'!Q10*'U14'!Q$4, 0)+ IF('U15'!$A$4="1ª", 'U15'!Q10*'U15'!Q$4, 0) ) /$CB$12 ) /AI$13, "") -> 0 | AK24: =IF(AK$13>0, ( ( IF('U1'!$A$4="1ª", 'U1'!R10*'U1'!R$4, 0)+ IF('U2'!$A$4="1ª", 'U2'!R10*'U2'!R$4, 0)+ IF('U3'!$A$4="1ª", 'U3'!R10*'U3'!R$4, 0)+ IF('U4'!$A$4="1ª", 'U4'!R10*'U4'!R$4, 0)+ IF('U5'!$A$4="1ª", 'U5'!R10*'U5'!R$4, 0)+ IF('U6'!$A$4="1ª", 'U6'!R10*'U6'!R$4, 0)+ IF('U7'!$A$4="1ª", 'U7'!R10*'U7'!R$4, 0)+ IF('U8'!$A$4="1ª", 'U8'!R10*'U8'!R$4, 0)+ IF('U9'!$A$4="1ª", 'U9'!R10*'U9'!R$4, 0)+ IF('U10'!$A$4="1ª", 'U10'!R10*'U10'!R$4, 0)+ IF('U11'!$A$4="1ª", 'U11'!R10*'U11'!R$4, 0)+ IF('U12'!$A$4="1ª", 'U12'!R10*'U12'!R$4, 0)+ IF('U13'!$A$4="1ª", 'U13'!R10*'U13'!R$4, 0)+ IF('U14'!$A$4="1ª", 'U14'!R10*'U14'!R$4, 0)+ IF('U15'!$A$4="1ª", 'U15'!R10*'U15'!R$4, 0) ) /$CB$12 ) /AK$13, "") -> 0 | AM24: =IF(AM$13>0, ( ( IF('U1'!$A$4="1ª", 'U1'!S10*'U1'!S$4, 0)+ IF('U2'!$A$4="1ª", 'U2'!S10*'U2'!S$4, 0)+ IF('U3'!$A$4="1ª", 'U3'!S10*'U3'!S$4, 0)+ IF('U4'!$A$4="1ª", 'U4'!S10*'U4'!S$4, 0)+ IF('U5'!$A$4="1ª", 'U5'!S10*'U5'!S$4, 0)+ IF('U6'!$A$4="1ª", 'U6'!S10*'U6'!S$4, 0)+ IF('U7'!$A$4="1ª", 'U7'!S10*'U7'!S$4, 0)+ IF('U8'!$A$4="1ª", 'U8'!S10*'U8'!S$4, 0)+ IF('U9'!$A$4="1ª", 'U9'!S10*'U9'!S$4, 0)+ IF('U10'!$A$4="1ª", 'U10'!S10*'U10'!S$4, 0)+ IF('U11'!$A$4="1ª", 'U11'!S10*'U11'!S$4, 0)+ IF('U12'!$A$4="1ª", 'U12'!S10*'U12'!S$4, 0)+ IF('U13'!$A$4="1ª", 'U13'!S10*'U13'!S$4, 0)+ IF('U14'!$A$4="1ª", 'U14'!S10*'U14'!S$4, 0)+ IF('U15'!$A$4="1ª", 'U15'!S10*'U15'!S$4, 0) ) /$CB$12 ) /AM$13, "") | AO24: =IFERROR(SUM( MAX(AP24,AQ24)*AP$13, MAX(AR24,AS24)*AR$13, MAX(AT24,AU24)*AT$13, MAX(AV24,AW24)*AV$13, MAX(AX24,AY24)*AX$13, MAX(AZ24,BA24)*AZ$13 )/AO$14,"") -> 0 | AP24: =IF(AP$13>0, ( ( IF('U1'!$A$4="1ª", 'U1'!T10*'U1'!T$4, 0) + IF('U2'!$A$4="1ª", 'U2'!T10*'U2'!T$4, 0) + IF('U3'!$A$4="1ª", 'U3'!T10*'U3'!T$4, 0) + IF('U4'!$A$4="1ª", 'U4'!T10*'U4'!T$4, 0) + IF('U5'!$A$4="1ª", 'U5'!T10*'U5'!T$4, 0) + IF('U6'!$A$4="1ª", 'U6'!T10*'U6'!T$4, 0) + IF('U7'!$A$4="1ª", 'U7'!T10*'U7'!T$4, 0) + IF('U8'!$A$4="1ª", 'U8'!T10*'U8'!T$4, 0) + IF('U9'!$A$4="1ª", 'U9'!T10*'U9'!T$4, 0) + IF('U10'!$A$4="1ª", 'U10'!T10*'U10'!T$4, 0) + IF('U11'!$A$4="1ª", 'U11'!T10*'U11'!T$4, 0) + IF('U12'!$A$4="1ª", 'U12'!T10*'U12'!T$4, 0) + IF('U13'!$A$4="1ª", 'U13'!T10*'U13'!T$4, 0) + IF('U14'!$A$4="1ª", 'U14'!T10*'U14'!T$4, 0) + IF('U15'!$A$4="1ª", 'U15'!T10*'U15'!T$4, 0) ) /$CB$12 ) / AP$13, "") -> 0 | AR24: =IF(AR$13>0, ( ( IF('U1'!$A$4="1ª", 'U1'!U10*'U1'!U$4, 0)+ IF('U2'!$A$4="1ª", 'U2'!U10*'U2'!U$4, 0)+ IF('U3'!$A$4="1ª", 'U3'!U10*'U3'!U$4, 0)+ IF('U4'!$A$4="1ª", 'U4'!U10*'U4'!U$4, 0)+ IF('U5'!$A$4="1ª", 'U5'!U10*'U5'!U$4, 0)+ IF('U6'!$A$4="1ª", 'U6'!U10*'U6'!U$4, 0)+ IF('U7'!$A$4="1ª", 'U7'!U10*'U7'!U$4, 0)+ IF('U8'!$A$4="1ª", 'U8'!U10*'U8'!U$4, 0)+ IF('U9'!$A$4="1ª", 'U9'!U10*'U9'!U$4, 0)+ IF('U10'!$A$4="1ª", 'U10'!U10*'U10'!U$4, 0)+ IF('U11'!$A$4="1ª", 'U11'!U10*'U11'!U$4, 0)+ IF('U12'!$A$4="1ª", 'U12'!U10*'U12'!U$4, 0)+ IF('U13'!$A$4="1ª", 'U13'!U10*'U13'!U$4, 0)+ IF('U14'!$A$4="1ª", 'U14'!U10*'U14'!U$4, 0)+ IF('U15'!$A$4="1ª", 'U15'!U10*'U15'!U$4, 0) ) /$CB$12 ) /AR$13, "") -> 0 | AT24: =IF(AT$13>0, ( ( IF('U1'!$A$4="1ª", 'U1'!V10*'U1'!V$4, 0)+ IF('U2'!$A$4="1ª", 'U2'!V10*'U2'!V$4, 0)+ IF('U3'!$A$4="1ª", 'U3'!V10*'U3'!V$4, 0)+ IF('U4'!$A$4="1ª", 'U4'!V10*'U4'!V$4, 0)+ IF('U5'!$A$4="1ª", 'U5'!V10*'U5'!V$4, 0)+ IF('U6'!$A$4="1ª", 'U6'!V10*'U6'!V$4, 0)+ IF('U7'!$A$4="1ª", 'U7'!V10*'U7'!V$4, 0)+ IF('U8'!$A$4="1ª", 'U8'!V10*'U8'!V$4, 0)+ IF('U9'!$A$4="1ª", 'U9'!V10*'U9'!V$4, 0)+ IF('U10'!$A$4="1ª", 'U10'!V10*'U10'!V$4, 0)+ IF('U11'!$A$4="1ª", 'U11'!V10*'U11'!V$4, 0)+ IF('U12'!$A$4="1ª", 'U12'!V10*'U12'!V$4, 0)+ IF('U13'!$A$4="1ª", 'U13'!V10*'U13'!V$4, 0)+ IF('U14'!$A$4="1ª", 'U14'!V10*'U14'!V$4, 0)+ IF('U15'!$A$4="1ª", 'U15'!V10*'U15'!V$4, 0) ) /$CB$12 ) /AT$13, "") | AV24: =IF(AV$13>0, ( ( IF('U1'!$A$4="1ª", 'U1'!W10*'U1'!W$4, 0)+ IF('U2'!$A$4="1ª", 'U2'!W10*'U2'!W$4, 0)+ IF('U3'!$A$4="1ª", 'U3'!W10*'U3'!W$4, 0)+ IF('U4'!$A$4="1ª", 'U4'!W10*'U4'!W$4, 0)+ IF('U5'!$A$4="1ª", 'U5'!W10*'U5'!W$4, 0)+ IF('U6'!$A$4="1ª", 'U6'!W10*'U6'!W$4, 0)+ IF('U7'!$A$4="1ª", 'U7'!W10*'U7'!W$4, 0)+ IF('U8'!$A$4="1ª", 'U8'!W10*'U8'!W$4, 0)+ IF('U9'!$A$4="1ª", 'U9'!W10*'U9'!W$4, 0)+ IF('U10'!$A$4="1ª", 'U10'!W10*'U10'!W$4, 0)+ IF('U11'!$A$4="1ª", 'U11'!W10*'U11'!W$4, 0)+ IF('U12'!$A$4="1ª", 'U12'!W10*'U12'!W$4, 0)+ IF('U13'!$A$4="1ª", 'U13'!W10*'U13'!W$4, 0)+ IF('U14'!$A$4="1ª", 'U14'!W10*'U14'!W$4, 0)+ IF('U15'!$A$4="1ª", 'U15'!W10*'U15'!W$4, 0) ) /$CB$12 ) /AV$13, "") -> 0 | AX24: =IF(AX$13>0, ( ( IF('U1'!$A$4="1ª", 'U1'!X10*'U1'!X$4, 0)+ IF('U2'!$A$4="1ª", 'U2'!X10*'U2'!X$4, 0)+ IF('U3'!$A$4="1ª", 'U3'!X10*'U3'!X$4, 0)+ IF('U4'!$A$4="1ª", 'U4'!X10*'U4'!X$4, 0)+ IF('U5'!$A$4="1ª", 'U5'!X10*'U5'!X$4, 0)+ IF('U6'!$A$4="1ª", 'U6'!X10*'U6'!X$4, 0)+ IF('U7'!$A$4="1ª", 'U7'!X10*'U7'!X$4, 0)+ IF('U8'!$A$4="1ª", 'U8'!X10*'U8'!X$4, 0)+ IF('U9'!$A$4="1ª", 'U9'!X10*'U9'!X$4, 0)+ IF('U10'!$A$4="1ª", 'U10'!X10*'U10'!X$4, 0)+ IF('U11'!$A$4="1ª", 'U11'!X10*'U11'!X$4, 0)+ IF('U12'!$A$4="1ª", 'U12'!X10*'U12'!X$4, 0)+ IF('U13'!$A$4="1ª", 'U13'!X10*'U13'!X$4, 0)+ IF('U14'!$A$4="1ª", 'U14'!X10*'U14'!X$4, 0)+ IF('U15'!$A$4="1ª", 'U15'!X10*'U15'!X$4, 0) ) /$CB$12 ) /AX$13, "") | AZ24: =IF(AZ$13>0, ( ( IF('U1'!$A$4="1ª", 'U1'!Y10*'U1'!Y$4, 0)+ IF('U2'!$A$4="1ª", 'U2'!Y10*'U2'!Y$4, 0)+ IF('U3'!$A$4="1ª", 'U3'!Y10*'U3'!Y$4, 0)+ IF('U4'!$A$4="1ª", 'U4'!Y10*'U4'!Y$4, 0)+ IF('U5'!$A$4="1ª", 'U5'!Y10*'U5'!Y$4, 0)+ IF('U6'!$A$4="1ª", 'U6'!Y10*'U6'!Y$4, 0)+ IF('U7'!$A$4="1ª", 'U7'!Y10*'U7'!Y$4, 0)+ IF('U8'!$A$4="1ª", 'U8'!Y10*'U8'!Y$4, 0)+ IF('U9'!$A$4="1ª", 'U9'!Y10*'U9'!Y$4, 0)+ IF('U10'!$A$4="1ª", 'U10'!Y10*'U10'!Y$4, 0)+ IF('U11'!$A$4="1ª", 'U11'!Y10*'U11'!Y$4, 0)+ IF('U12'!$A$4="1ª", 'U12'!Y10*'U12'!Y$4, 0)+ IF('U13'!$A$4="1ª", 'U13'!Y10*'U13'!Y$4, 0)+ IF('U14'!$A$4="1ª", 'U14'!Y10*'U14'!Y$4, 0)+ IF('U15'!$A$4="1ª", 'U15'!Y10*'U15'!Y$4, 0) ) /$CB$12 ) /AZ$13, "") | BB24: =IFERROR(SUM( MAX(BC24,BD24)*BC$13, MAX(BE24,BF24)*BE$13, MAX(BG24,BH24)*BG$13, MAX(BI24,BJ24)*BI$13, MAX(BK24,BL24)*BK$13, MAX(BM24,BN24)*BM$13 )/BB$14,"") -> 0 | BC24: =IF(BC$13>0, ( ( IF('U1'!$A$4="1ª", 'U1'!Z10*'U1'!Z$4, 0)+ IF('U2'!$A$4="1ª", 'U2'!Z10*'U2'!Z$4, 0)+ IF('U3'!$A$4="1ª", 'U3'!Z10*'U3'!Z$4, 0)+ IF('U4'!$A$4="1ª", 'U4'!Z10*'U4'!Z$4, 0)+ IF('U5'!$A$4="1ª", 'U5'!Z10*'U5'!Z$4, 0)+ IF('U6'!$A$4="1ª", 'U6'!Z10*'U6'!Z$4, 0)+ IF('U7'!$A$4="1ª", 'U7'!Z10*'U7'!Z$4, 0)+ IF('U8'!$A$4="1ª", 'U8'!Z10*'U8'!Z$4, 0)+ IF('U9'!$A$4="1ª", 'U9'!Z10*'U9'!Z$4, 0)+ IF('U10'!$A$4="1ª", 'U10'!Z10*'U10'!Z$4, 0)+ IF('U11'!$A$4="1ª", 'U11'!Z10*'U11'!Z$4, 0)+ IF('U12'!$A$4="1ª", 'U12'!Z10*'U12'!Z$4, 0)+ IF('U13'!$A$4="1ª", 'U13'!Z10*'U13'!Z$4, 0)+ IF('U14'!$A$4="1ª", 'U14'!Z10*'U14'!Z$4, 0)+ IF('U15'!$A$4="1ª", 'U15'!Z10*'U15'!Z$4, 0) ) /$CB$12 ) /BC$13, "") | BE24: =IF(BE$13>0, ( ( IF('U1'!$A$4="1ª", 'U1'!AA10*'U1'!AA$4, 0)+ IF('U2'!$A$4="1ª", 'U2'!AA10*'U2'!AA$4, 0)+ IF('U3'!$A$4="1ª", 'U3'!AA10*'U3'!AA$4, 0)+ IF('U4'!$A$4="1ª", 'U4'!AA10*'U4'!AA$4, 0)+ IF('U5'!$A$4="1ª", 'U5'!AA10*'U5'!AA$4, 0)+ IF('U6'!$A$4="1ª", 'U6'!AA10*'U6'!AA$4, 0)+ IF('U7'!$A$4="1ª", 'U7'!AA10*'U7'!AA$4, 0)+ IF('U8'!$A$4="1ª", 'U8'!AA10*'U8'!AA$4, 0)+ IF('U9'!$A$4="1ª", 'U9'!AA10*'U9'!AA$4, 0)+ IF('U10'!$A$4="1ª", 'U10'!AA10*'U10'!AA$4, 0)+ IF('U11'!$A$4="1ª", 'U11'!AA10*'U11'!AA$4, 0)+ IF('U12'!$A$4="1ª", 'U12'!AA10*'U12'!AA$4, 0)+ IF('U13'!$A$4="1ª", 'U13'!AA10*'U13'!AA$4, 0)+ IF('U14'!$A$4="1ª", 'U14'!AA10*'U14'!AA$4, 0)+ IF('U15'!$A$4="1ª", 'U15'!AA10*'U15'!AA$4, 0) ) /$CB$12 ) /BE$13, "") | BG24: =IF(BG$13>0, ( ( IF('U1'!$A$4="1ª", 'U1'!AB10*'U1'!AB$4, 0)+ IF('U2'!$A$4="1ª", 'U2'!AB10*'U2'!AB$4, 0)+ IF('U3'!$A$4="1ª", 'U3'!AB10*'U3'!AB$4, 0)+ IF('U4'!$A$4="1ª", 'U4'!AB10*'U4'!AB$4, 0)+ IF('U5'!$A$4="1ª", 'U5'!AB10*'U5'!AB$4, 0)+ IF('U6'!$A$4="1ª", 'U6'!AB10*'U6'!AB$4, 0)+ IF('U7'!$A$4="1ª", 'U7'!AB10*'U7'!AB$4, 0)+ IF('U8'!$A$4="1ª", 'U8'!AB10*'U8'!AB$4, 0)+ IF('U9'!$A$4="1ª", 'U9'!AB10*'U9'!AB$4, 0)+ IF('U10'!$A$4="1ª", 'U10'!AB10*'U10'!AB$4, 0)+ IF('U11'!$A$4="1ª", 'U11'!AB10*'U11'!AB$4, 0)+ IF('U12'!$A$4="1ª", 'U12'!AB10*'U12'!AB$4, 0)+ IF('U13'!$A$4="1ª", 'U13'!AB10*'U13'!AB$4, 0)+ IF('U14'!$A$4="1ª", 'U14'!AB10*'U14'!AB$4, 0)+ IF('U15'!$A$4="1ª", 'U15'!AB10*'U15'!AB$4, 0) ) /$CB$12 ) /BG$13, "") | BI24: =IF(BI$13>0, ( ( IF('U1'!$A$4="1ª", 'U1'!AC10*'U1'!AC$4, 0)+ IF('U2'!$A$4="1ª", 'U2'!AC10*'U2'!AC$4, 0)+ IF('U3'!$A$4="1ª", 'U3'!AC10*'U3'!AC$4, 0)+ IF('U4'!$A$4="1ª", 'U4'!AC10*'U4'!AC$4, 0)+ IF('U5'!$A$4="1ª", 'U5'!AC10*'U5'!AC$4, 0)+ IF('U6'!$A$4="1ª", 'U6'!AC10*'U6'!AC$4, 0)+ IF('U7'!$A$4="1ª", 'U7'!AC10*'U7'!AC$4, 0)+ IF('U8'!$A$4="1ª", 'U8'!AC10*'U8'!AC$4, 0)+ IF('U9'!$A$4="1ª", 'U9'!AC10*'U9'!AC$4, 0)+ IF('U10'!$A$4="1ª", 'U10'!AC10*'U10'!AC$4, 0)+ IF('U11'!$A$4="1ª", 'U11'!AC10*'U11'!AC$4, 0)+ IF('U12'!$A$4="1ª", 'U12'!AC10*'U12'!AC$4, 0)+ IF('U13'!$A$4="1ª", 'U13'!AC10*'U13'!AC$4, 0)+ IF('U14'!$A$4="1ª", 'U14'!AC10*'U14'!AC$4, 0)+ IF('U15'!$A$4="1ª", 'U15'!AC10*'U15'!AC$4, 0) ) /$CB$12 ) /BI$13, "") -> 0 | BK24: =IF(BK$13>0, ( ( IF('U1'!$A$4="1ª", 'U1'!AD10*'U1'!AD$4, 0)+ IF('U2'!$A$4="1ª", 'U2'!AD10*'U2'!AD$4, 0)+ IF('U3'!$A$4="1ª", 'U3'!AD10*'U3'!AD$4, 0)+ IF('U4'!$A$4="1ª", 'U4'!AD10*'U4'!AD$4, 0)+ IF('U5'!$A$4="1ª", 'U5'!AD10*'U5'!AD$4, 0)+ IF('U6'!$A$4="1ª", 'U6'!AD10*'U6'!AD$4, 0)+ IF('U7'!$A$4="1ª", 'U7'!AD10*'U7'!AD$4, 0)+ IF('U8'!$A$4="1ª", 'U8'!AD10*'U8'!AD$4, 0)+ IF('U9'!$A$4="1ª", 'U9'!AD10*'U9'!AD$4, 0)+ IF('U10'!$A$4="1ª", 'U10'!AD10*'U10'!AD$4, 0)+ IF('U11'!$A$4="1ª", 'U11'!AD10*'U11'!AD$4, 0)+ IF('U12'!$A$4="1ª", 'U12'!AD10*'U12'!AD$4, 0)+ IF('U13'!$A$4="1ª", 'U13'!AD10*'U13'!AD$4, 0)+ IF('U14'!$A$4="1ª", 'U14'!AD10*'U14'!AD$4, 0)+ IF('U15'!$A$4="1ª", 'U15'!AD10*'U15'!AD$4, 0) ) /$CB$12 ) /BK$13, "") | BM24: =IF(BM$13>0, ( ( IF('U1'!$A$4="1ª", 'U1'!AE10*'U1'!AE$4, 0)+ IF('U2'!$A$4="1ª", 'U2'!AE10*'U2'!AE$4, 0)+ IF('U3'!$A$4="1ª", 'U3'!AE10*'U3'!AE$4, 0)+ IF('U4'!$A$4="1ª", 'U4'!AE10*'U4'!AE$4, 0)+ IF('U5'!$A$4="1ª", 'U5'!AE10*'U5'!AE$4, 0)+ IF('U6'!$A$4="1ª", 'U6'!AE10*'U6'!AE$4, 0)+ IF('U7'!$A$4="1ª", 'U7'!AE10*'U7'!AE$4, 0)+ IF('U8'!$A$4="1ª", 'U8'!AE10*'U8'!AE$4, 0)+ IF('U9'!$A$4="1ª", 'U9'!AE10*'U9'!AE$4, 0)+ IF('U10'!$A$4="1ª", 'U10'!AE10*'U10'!AE$4, 0)+ IF('U11'!$A$4="1ª", 'U11'!AE10*'U11'!AE$4, 0)+ IF('U12'!$A$4="1ª", 'U12'!AE10*'U12'!AE$4, 0)+ IF('U13'!$A$4="1ª", 'U13'!AE10*'U13'!AE$4, 0)+ IF('U14'!$A$4="1ª", 'U14'!AE10*'U14'!AE$4, 0)+ IF('U15'!$A$4="1ª", 'U15'!AE10*'U15'!AE$4, 0) ) /$CB$12 ) /BM$13, "") | BO24: =IFERROR(SUM( MAX(BP24,BQ24)*BP$13, MAX(BR24,BS24)*BR$13, MAX(BT24,BU24)*BT$13, MAX(BV24,BW24)*BV$13, MAX(BX24,BY24)*BX$13, MAX(BZ24,CA24)*BZ$13 )/BO$14,"") | BP24: =IF(BP$13>0, ( ( IF('U1'!$A$4="1ª", 'U1'!AF10*'U1'!AF$4, 0)+ IF('U2'!$A$4="1ª", 'U2'!AF10*'U2'!AF$4, 0)+ IF('U3'!$A$4="1ª", 'U3'!AF10*'U3'!AF$4, 0)+ IF('U4'!$A$4="1ª", 'U4'!AF10*'U4'!AF$4, 0)+ IF('U5'!$A$4="1ª", 'U5'!AF10*'U5'!AF$4, 0)+ IF('U6'!$A$4="1ª", 'U6'!AF10*'U6'!AF$4, 0)+ IF('U7'!$A$4="1ª", 'U7'!AF10*'U7'!AF$4, 0)+ IF('U8'!$A$4="1ª", 'U8'!AF10*'U8'!AF$4, 0)+ IF('U9'!$A$4="1ª", 'U9'!AF10*'U9'!AF$4, 0)+ IF('U10'!$A$4="1ª", 'U10'!AF10*'U10'!AF$4, 0)+ IF('U11'!$A$4="1ª", 'U11'!AF10*'U11'!AF$4, 0)+ IF('U12'!$A$4="1ª", 'U12'!AF10*'U12'!AF$4, 0)+ IF('U13'!$A$4="1ª", 'U13'!AF10*'U13'!AF$4, 0)+ IF('U14'!$A$4="1ª", 'U14'!AF10*'U14'!AF$4, 0)+ IF('U15'!$A$4="1ª", 'U15'!AF10*'U15'!AF$4, 0) ) /$CB$12 ) /BP$13, "") | BR24: =IF(BR$13>0, ( ( IF('U1'!$A$4="1ª", 'U1'!AG10*'U1'!AG$4, 0)+ IF('U2'!$A$4="1ª", 'U2'!AG10*'U2'!AG$4, 0)+ IF('U3'!$A$4="1ª", 'U3'!AG10*'U3'!AG$4, 0)+ IF('U4'!$A$4="1ª", 'U4'!AG10*'U4'!AG$4, 0)+ IF('U5'!$A$4="1ª", 'U5'!AG10*'U5'!AG$4, 0)+ IF('U6'!$A$4="1ª", 'U6'!AG10*'U6'!AG$4, 0)+ IF('U7'!$A$4="1ª", 'U7'!AG10*'U7'!AG$4, 0)+ IF('U8'!$A$4="1ª", 'U8'!AG10*'U8'!AG$4, 0)+ IF('U9'!$A$4="1ª", 'U9'!AG10*'U9'!AG$4, 0)+ IF('U10'!$A$4="1ª", 'U10'!AG10*'U10'!AG$4, 0)+ IF('U11'!$A$4="1ª", 'U11'!AG10*'U11'!AG$4, 0)+ IF('U12'!$A$4="1ª", 'U12'!AG10*'U12'!AG$4, 0)+ IF('U13'!$A$4="1ª", 'U13'!AG10*'U13'!AG$4, 0)+ IF('U14'!$A$4="1ª", 'U14'!AG10*'U14'!AG$4, 0)+ IF('U15'!$A$4="1ª", 'U15'!AG10*'U15'!AG$4, 0) ) /$CB$12 ) /BR$13, "") | BT24: =IF(BT$13>0, ( ( IF('U1'!$A$4="1ª", 'U1'!AH10*'U1'!AH$4, 0)+ IF('U2'!$A$4="1ª", 'U2'!AH10*'U2'!AH$4, 0)+ IF('U3'!$A$4="1ª", 'U3'!AH10*'U3'!AH$4, 0)+ IF('U4'!$A$4="1ª", 'U4'!AH10*'U4'!AH$4, 0)+ IF('U5'!$A$4="1ª", 'U5'!AH10*'U5'!AH$4, 0)+ IF('U6'!$A$4="1ª", 'U6'!AH10*'U6'!AH$4, 0)+ IF('U7'!$A$4="1ª", 'U7'!AH10*'U7'!AH$4, 0)+ IF('U8'!$A$4="1ª", 'U8'!AH10*'U8'!AH$4, 0)+ IF('U9'!$A$4="1ª", 'U9'!AH10*'U9'!AH$4, 0)+ IF('U10'!$A$4="1ª", 'U10'!AH10*'U10'!AH$4, 0)+ IF('U11'!$A$4="1ª", 'U11'!AH10*'U11'!AH$4, 0)+ IF('U12'!$A$4="1ª", 'U12'!AH10*'U12'!AH$4, 0)+ IF('U13'!$A$4="1ª", 'U13'!AH10*'U13'!AH$4, 0)+ IF('U14'!$A$4="1ª", 'U14'!AH10*'U14'!AH$4, 0)+ IF('U15'!$A$4="1ª", 'U15'!AH10*'U15'!AH$4, 0) ) /$CB$12 ) /BT$13, "") | BV24: =IF(BT$13>0, ( ( IF('U1'!$A$4="1ª", 'U1'!AH10*'U1'!AH$4, 0)+ IF('U2'!$A$4="1ª", 'U2'!AH10*'U2'!AH$4, 0)+ IF('U3'!$A$4="1ª", 'U3'!AH10*'U3'!AH$4, 0)+ IF('U4'!$A$4="1ª", 'U4'!AH10*'U4'!AH$4, 0)+ IF('U5'!$A$4="1ª", 'U5'!AH10*'U5'!AH$4, 0)+ IF('U6'!$A$4="1ª", 'U6'!AH10*'U6'!AH$4, 0)+ IF('U7'!$A$4="1ª", 'U7'!AH10*'U7'!AH$4, 0)+ IF('U8'!$A$4="1ª", 'U8'!AH10*'U8'!AH$4, 0)+ IF('U9'!$A$4="1ª", 'U9'!AH10*'U9'!AH$4, 0)+ IF('U10'!$A$4="1ª", 'U10'!AH10*'U10'!AH$4, 0)+ IF('U11'!$A$4="1ª", 'U11'!AH10*'U11'!AH$4, 0)+ IF('U12'!$A$4="1ª", 'U12'!AH10*'U12'!AH$4, 0)+ IF('U13'!$A$4="1ª", 'U13'!AH10*'U13'!AH$4, 0)+ IF('U14'!$A$4="1ª", 'U14'!AH10*'U14'!AH$4, 0)+ IF('U15'!$A$4="1ª", 'U15'!AH10*'U15'!AH$4, 0) ) /$CB$12 ) /BT$13, "") | BX24: =IF(BV$13>0, ( ( IF('U1'!$A$4="1ª", 'U1'!AI10*'U1'!AI$4, 0)+ IF('U2'!$A$4="1ª", 'U2'!AI10*'U2'!AI$4, 0)+ IF('U3'!$A$4="1ª", 'U3'!AI10*'U3'!AI$4, 0)+ IF('U4'!$A$4="1ª", 'U4'!AI10*'U4'!AI$4, 0)+ IF('U5'!$A$4="1ª", 'U5'!AI10*'U5'!AI$4, 0)+ IF('U6'!$A$4="1ª", 'U6'!AI10*'U6'!AI$4, 0)+ IF('U7'!$A$4="1ª", 'U7'!AI10*'U7'!AI$4, 0)+ IF('U8'!$A$4="1ª", 'U8'!AI10*'U8'!AI$4, 0)+ IF('U9'!$A$4="1ª", 'U9'!AI10*'U9'!AI$4, 0)+ IF('U10'!$A$4="1ª", 'U10'!AI10*'U10'!AI$4, 0)+ IF('U11'!$A$4="1ª", 'U11'!AI10*'U11'!AI$4, 0)+ IF('U12'!$A$4="1ª", 'U12'!AI10*'U12'!AI$4, 0)+ IF('U13'!$A$4="1ª", 'U13'!AI10*'U13'!AI$4, 0)+ IF('U14'!$A$4="1ª", 'U14'!AI10*'U14'!AI$4, 0)+ IF('U15'!$A$4="1ª", 'U15'!AI10*'U15'!AI$4, 0) ) /$CB$12 ) /BV$13, "") | BZ24: =IF(BZ$13>0, ( ( IF('U1'!$A$4="1ª", 'U1'!AK10*'U1'!AK$4, 0)+ IF('U2'!$A$4="1ª", 'U2'!AK10*'U2'!AK$4, 0)+ IF('U3'!$A$4="1ª", 'U3'!AK10*'U3'!AK$4, 0)+ IF('U4'!$A$4="1ª", 'U4'!AK10*'U4'!AK$4, 0)+ IF('U5'!$A$4="1ª", 'U5'!AK10*'U5'!AK$4, 0)+ IF('U6'!$A$4="1ª", 'U6'!AK10*'U6'!AK$4, 0)+ IF('U7'!$A$4="1ª", 'U7'!AK10*'U7'!AK$4, 0)+ IF('U8'!$A$4="1ª", 'U8'!AK10*'U8'!AK$4, 0)+ IF('U9'!$A$4="1ª", 'U9'!AK10*'U9'!AK$4, 0)+ IF('U10'!$A$4="1ª", 'U10'!AK10*'U10'!AK$4, 0)+ IF('U11'!$A$4="1ª", 'U11'!AK10*'U11'!AK$4, 0)+ IF('U12'!$A$4="1ª", 'U12'!AK10*'U12'!AK$4, 0)+ IF('U13'!$A$4="1ª", 'U13'!AK10*'U13'!AK$4, 0)+ IF('U14'!$A$4="1ª", 'U14'!AK10*'U14'!AK$4, 0)+ IF('U15'!$A$4="1ª", 'U15'!AK10*'U15'!AK$4, 0) ) /$CB$12 ) /BZ$13, "") | CB24: =MAX(P24,Q24)*$P$13 +MAX(R24,S24)*$R$13 +MAX(T24,U24)*$T$13 +MAX(V24,W24)*$V$13 +MAX(X24,Y24)*$X$13 +MAX(Z24,AA24)*$Z$13+MAX(C24,D24)*$C$13 +MAX(E24,F24)*$E$13 +MAX(G24,H24)*$G$13 +MAX(I24,J24)*$I$13 +MAX(K24,L24)*$K$13 +MAX(M24,N24)*$M$13+MAX(AC24,AD24)*$AC$13 +MAX(AE24,AF24)*$AE$13 +MAX(AG24,AH24)*$AG$13 +MAX(AI24,AJ24)*$AI$13 +MAX(AK24,AL24)*$AK$13 +MAX(AM24,AN24)*$AM$13+MAX(AP24,AQ24)*$AP$13 +MAX(AR24,AS24)*$AR$13 +MAX(AT24,AU24)*$AT$13 +MAX(AV24,AW24)*$AV$13 +MAX(AX24,AY24)*$AX$13 +MAX(AZ24,BA24)*$AZ$13+MAX(BC24,BD24)*$BC$13 +MAX(BE24,BF24)*$BE$13 +MAX(BG24,BH24)*$BG$13 +MAX(BI24,BJ24)*$BI$13 +MAX(BK24,BL24)*$BK$13 +MAX(BM24,BN24)*$BM$13+MAX(BP24,BQ24)*$BP$13 +MAX(BR24,BS24)*$BR$13 +MAX(BT24,BU24)*$BT$13 +MAX(BV24,BW24)*$BV$13 +MAX(BX24,BY24)*$BX$13 +MAX(BZ24,CA24)*$BZ$13 -> 0 | CC24: =B24*$B$14+O24*$O$14+AB24*$AB$14+AO24*$AO$14+BB24*$BB$14 -> 0
